Name;Sector;Ticker;Country,
Compañía de Transporte de Energía Eléctrica en Alta Tensión Transener S.A.;Utilities;TRAN.BA;Argentina,
Cisco Systems Inc.;Information Technology;CSCO.BA;Argentina, 
Sociedad Comercial del Plata S.A.;Industrials;COME.BA;Argentina,
Banco Hipotecario S.A.;Financials;BHIP.BA;Argentina,
Rigolleau S.A.;Consumer Defensive;RIGO.BA;Argentina,
Ledesma Sociedad Anónima Agrícola Industrial;Consumer Defensive;LEDE.BA;Argentina,
Grupo Clarín S.A.;Consumer Discretionary;GCLA.BA;Argentina,
Molinos Rio de la Plata S.A.;Consumer Defensive;MOLI.BA;Argentina,
Transportadora de Gas del Norte S.A.;Utilities;TGNO4.BA;Argentina,
The Home Depot Inc.;Consumer Discretionary;HD.BA;Argentina,
Ferrum Sociedad Anonima de Ceramica y Metalurgia;Materials;FERR.BA;Argentina,
S.A. San Miguel A.G.I.C.I. y F.;Consumer Defensive;SAMI.BA;Argentina,
Molinos Juan Semino S.A.;Consumer Defensive;SEMI.BA;Argentina,
The Coca-Cola Company;Consumer Defensive;KO.BA;Argentina,
Kimberly-Clark Corporation;Consumer Defensive;KMB.BA;Argentina,
Newmont Mining Corporation;Materials;NEM.BA;Argentina,
NIKE Inc.;Consumer Discretionary;NKE.BA;Argentina,
Banco Santander Rio S.A.;Financials;BRIO6.BA;Argentina,
Banco Santander Rio S.A.;Financials;BRIO.BA;Argentina,
Agrometal S.A.I.;Industrials;AGRO.BA;Argentina,
Consultatio S.A.;Financials;CTIO.BA;Argentina,
QUALCOMM Incorporated;Materials;QCOM.BA;Argentina,
VALE S.A. CEDEAR;Financials;VALE.BA;Argentina,
TGLT S.A.;Financials;TGLT.BA;Argentina,
AT&T Inc.;Communication Services;T.BA;Argentina,
Wal-Mart Stores Inc.;Consumer Discretionary;WMT.BA;Argentina,
The Walt Disney Company;Consumer Discretionary;DISN.BA;Argentina,
Garovaglio y Zorraquín S.A.;Industrials;GARO.BA;Argentina,
Apple Inc.;Information Technology;AAPL.BA;Argentina,
CREDIT SUISSE GP CEDEAR;Financials;CS.BA;Argentina,
NOVARTIS AG CEDEAR;Healthcare;NVS.BA;Argentina,
SIEMENS AG CEDEAR;Information Technology;SIEGY.BA;Argentina,
Insumos Agroquímicos S.A.;Industrials;INAG.BA;Argentina,
Grupo Financiero Valores S.A.;Financials;VALO.BA;Argentina,
Compañía Introductora de Buenos Aires Sociedad Anónima;Consumer Defensive;INTR.BA;Argentina,
American International Group Inc.;Consumer Discretionary;AIG.BA;Argentina,
Alphabet Inc.;Communication Services;GOOGL.BA;Argentina,
Altria Group Inc.;Consumer Defensive;MO.BA;Argentina,
Aluar Aluminio Argentino S.A.I.C.;Materials;ALUA.BA;Argentina,
American Express Company;Financials;AXP.BA;Argentina,
Intel Corporation;Materials;INTC.BA;Argentina,
International Business Machines Corporation;Information Technology;IBM.BA;Argentina,
Carboclor S.A.;Industrials;CARC.BA;Argentina,
Banco Patagonia S.A.;Financials;BPAT.BA;Argentina,
Polledo S.A.I.C. y F.;Industrials;POLL.BA;Argentina,
The Procter & Gamble Company;Consumer Defensive;PG.BA;Argentina,
Pampa Energía S.A.;Utilities;PAMP.BA;Argentina,
Morixe Hermanos S.A.C. e I.;Consumer Defensive;MORI.BA;Argentina,
3M Company;Industrials;MMM.BA;Argentina,
Bank of China;Financials;3988.HK;China,
China Construction Bank;Financials;0939.HK;China,
China Life Insurance Company;Financials;2628.HK;China,
China Merchants Bank;Financials;3968.HK;China,
China Mobile;Communication Services;0941.HK;China,
China Overseas Land and Investment;Real Estate;0688.HK;China,
China Petroleum & Chemical;Energy;0386.HK;China,
CNOOC Limited;Energy;0883.HK;China,
Industrial and Commercial Bank of China;Financials;1398.HK;China,
Meituan-Dianping;Consumer Discretionary;3690.HK;China,
PetroChina;Energy;0857.HK;China,
Ping An Insurance;Financials;2318.HK;China,
Tencent Holdings;Communication Services;0700.HK;China,
Xiaomi;Information Technology;1810.HK;China,
DBS Group;Financials;D05.SI;Singapore,
Oversea-Chinese Banking;Financials;O39.SI;Singapore,
Singapore Telecommunications;Communication Services;Z74.SI;Singapore,
United Overseas Bank;Financials;U11.SI;Singapore,
AIA Group;Financials;1299.HK;Hong Kong,
CK Asset Holdings;Real Estate;1113.HK;Hong Kong,
CK Hutchison Holdings;Industrials;0001.HK;Hong Kong,
CLP Holdings;Utilities;0002.HK;Hong Kong,
Galaxy Entertainment Group;Consumer Discretionary;0027.HK;Hong Kong,
Hang Seng Bank;Financials;0011.HK;Hong Kong,
Hong Kong and China Gas;Utilities;0003.HK;Hong Kong,
Hong Kong Exchanges and Clearing;Financials;0388.HK;Hong Kong,
Link Real Estate Investment Trust;Real Estate;0823.HK;Hong Kong,
Sands China;Consumer Discretionary;1928.HK;Hong Kong,
Sun Hung Kai Properties;Real Estate;0016.HK;Hong Kong,
Celltrion;Healthcare;068270.KS;South Korea,
Hyundai Mobis;Consumer Discretionary;012330.KS;South Korea,
Hyundai Motor Company;Consumer Discretionary;005380.KS;South Korea,
KB Financial Group Inc;Financials;105560.KS;South Korea,
KT&G;Consumer Defensive;033780.KS;South Korea,
LG Chem;Materials;051910.KS;South Korea,
Naver;Communication Services;035420.KS;South Korea,
POSCO;Materials;005490.KS;South Korea,
Samsung Electronics;Information Technology;005930.KS;South Korea,
Samsung Electronics (Non-voting);Information Technology;005935.KS;South Korea,
Shinhan Financial Group;Financials;055550.KS;South Korea,
SK Hynix;Information Technology;000660.KS;South Korea,
Cathay Financial Holding;Financials;2882.TW;Taiwan,
Chunghwa Telecommunications;Communication Services;2412.TW;Taiwan,
CTBC Financial Holding;Financials;2891.TW;Taiwan,
Formosa Chemicals & Fibre Corporation;Materials;1326.TW;Taiwan,
Formosa Plastics Corporation;Materials;1301.TW;Taiwan,
Hon Hai Precision Industry;Information Technology;2317.TW;Taiwan,
Largan Precision;Information Technology;3008.TW;Taiwan,
MediaTek;Information Technology;2454.TW;Taiwan,
Nan Ya Plastics Corporation;Materials;1303.TW;Taiwan,
Taiwan Semiconductor Manufacturing;Information Technology;2330.TW;Taiwan,
ADMIE (IPTO) HOLDING S.A.;Utilities;ADMIE.AT;Greece,
Aegean Airlines;Industrials;AEGN.AT;Greece,
Alpha Bank;Financials;ALPHA.AT;Greece,
Jumbo;Consumer Discretionary;BELA.AT;Greece,
Coca-Cola HBC AG;Consumer Defensive;EEE.AT;Greece,
Hellenic Petroleum;Energy;ELPE.AT;Greece,
National Bank of Greece;Financials;ETE.AT;Greece,
Eurobank Ergasias;Financials;EUROB.AT;Greece,
EYDAP;Consumer Defensive;EYDAP.AT;Greece,
Folli Follie;Consumer Discretionary;FFGRP.AT;Greece,
GEK Terna;Industrials;GEKTERNA.AT;Greece,
OTE;Communication Services;HTO.AT;Greece,
Lamda Development S.A.;Real Estate;LAMDA.AT;Greece,
Motor Oil Hellas;Industrials;MOH.AT;Greece,
Mytilineos Holdings;Materials;MYTIL.AT;Greece,
OPAP;Consumer Discretionary;OPAP.AT;Greece,
Piraeus Port Authority S.A.;Consumer Discretionary;PPA.AT;Greece,
Public Power Corporation;Utilities;PPC.AT;Greece,
Gr. Sarantis S.A.;Consumer Defensive;SAR.AT;Greece,
Terna Energy;Utilities;TENERGY.AT;Greece,
Piraeus Bank;Financials;TPEIR.AT;Greece,
Viohalco;Industrials;VIO.AT;Greece,
The A2 Milk Company;Consumer Defensive;A2M.AX;Australia,
AGL Energy;Utilities;AGL;Australia,
Amcor;Materials;AMC;Australia,
ANZ Banking Group;Financials;ANZ.AX;Australia,
APA Group;Utilities;APA.AX;Australia,
Ampol;Energy;ALD.AX;Australia,
Aristocrat Leisure;Consumer Discretionary;ALL.AX;Australia,
ASX;Financials;ASX;Australia,
Aurizon;Industrials;AZJ.AX;Australia,
BHP;Materials;BHP;Australia,
Brambles;Industrials;BXB.AX;Australia,
Cochlear;Healthcare;COH.AX;Australia,
Coles Group;Consumer Defensive;COL;Australia,
Commonwealth Bank;Financials;CBA.AX;Australia,
Computershare;Information Technology;CPU.AX;Australia,
CSL;Healthcare;CSL;Australia,
Dexus;Financials;DXS.AX;Australia,
Fortescue Metals Group;Materials;FMG.AX;Australia,
Goodman Group;Financials;GMG.AX;Australia,
GPT Group;Financials;GPT.AX;Australia,
Insurance Australia Group;Financials;IAG;Australia,
James Hardie;Materials;JHX;Australia,
Lendlease;Financials;LLC.AX;Australia,
Macquarie Group;Financials;MQG.AX;Australia,
Medibank;Financials;MPL.AX;Australia,
Mirvac;Financials;MGR;Australia,
National Australia Bank;Financials;NAB.AX;Australia,
Newcrest Mining;Materials;NCM;Australia,
Oil Search;Energy;OSH;Australia,
Orica;Materials;ORI;Australia,
Origin Energy;Energy;ORG.AX;Australia,
Qantas;Industrials;QAN.AX;Australia,
QBE Insurance Group;Financials;QBE.AX;Australia,
Ramsay Health Care;Healthcare;RHC.AX;Australia,
Rio Tinto;Materials;RIO;Australia,
Santos;Energy;STO.AX;Australia,
Scentre Group;Real Estate;SCG;Australia,
Sonic Healthcare;Healthcare;SHL;Australia,
South32;Materials;S32.AX;Australia,
Stockland;Financials;SGP.AX;Australia,
Suncorp Group;Financials;SUN;Australia,
Sydney Airport Holdings;Industrials;SYD.AX;Australia,
Telstra;Consumer Discretionary;TLS;Australia,
Transurban;Industrials;TCL.AX;Australia,
Treasury Wine Estates;Consumer Defensive;TWE.AX;Australia,
Vicinity;Financials;VCX.AX;Australia,
Wesfarmers;Industrials;WES;Australia,
Westpac;Financials;WBC.AX;Australia,
Woodside Petroleum;Energy;WPL.AX;Australia,
Woolworths;Consumer Defensive;WOW;Australia,
Ackermans & van Haaren;Financials;ACKB.VI;Belgium,
Aedifica;Real Estate;AED.BR;Belgium,
Ageas;Financials;AGS.VI;Belgium,
AB InBev;Consumer Defensive;ABI.BR;Belgium,
Aperam;Materials;APAM.VI;Belgium,
arGEN-X;Healthcare;ARGX.VI;Belgium,
Barco;Consumer Discretionary;BAR.BR;Belgium,
Cofinimmo;Real Estate;COFB.VI;Belgium,
Colruyt;Consumer Discretionary;COLR.VI;Belgium,
Galapagos;Healthcare;GLPG.VI;Belgium,
GBL;Financials;GBLB.VI;Belgium,
ING Group;Financials;INGA.VI;Belgium,
KBC;Financials;KBC.VI;Belgium,
Proximus;Consumer Discretionary;PROX.VI;Belgium,
Sofina;Financials;SOF.VI;Belgium,
Solvay;Materials;SOLB.VI;Belgium,
Telenet Group;Communication Services;TNET.VI;Belgium,
UCB;Healthcare;UCB.VI;Belgium,
Umicore;Materials;UMI.VI;Belgium,
WDP;Real Estate;WDP.BR;Belgium,
Banco Bradesco;Financials;BBD;Brazil,
Banco do Brasil;Financials;BBAS3.SA;Brazil,
B3;Financials;B3SA3.SA;Brazil,
BRF S.A.;Consumer Defensive;BRFS3.SA;Brazil,
CCR S.A.;Consumer Discretionary;CCRO3.SA;Brazil,
Cielo S.A.;Financials;CIEL3.SA;Brazil,
Companhia Energetica de Minas Gerais (CEMIG);Energy;CIG;Brazil,
Companhia Siderúrgica Nacional;Materials;SID;Brazil,
Companhia de Bebidas das Americas (AmBev);Consumer Defensive;ABEV3.SA;Brazil,
CPFL Energia;Energy;CPFE3.SA;Brazil,
Empresa Brasileira de Aeronáutica (Embraer);Industrials;ERJ;Brazil,
Gerdau;Materials;GGB;Brazil,
Itaú Unibanco;Financials;ITUB4.SA;Brazil,
Itaúsa Investimentos Itau;Financials;ITSA4.SA;Brazil,
Petrobras;Energy;PBR;Brazil,
Ultrapar Participacoes S.A.;Energy;UGPA3.SA;Brazil,
Vale;Materials;VALE;Brazil,
4iG;Consumer Discretionary;4IG.BD;Hungary,
AKKO Invest;Consumer Discretionary;AKKO.BD;Hungary,
ANY Security Printing;Industrials;ANY.BD;Hungary,
Appeninn Asset Management;Real Estate;APPENINN.BD;Hungary,
AutoWallis;Consumer Discretionary;AUTOWALLIS.BD;Hungary,
CIG Pannonia Life Insurance;Financials;CIGPANNONIA.BD;Hungary,
Graphisoft Park;Real Estate;GSPARK.BD;Hungary,
Magyar Telekom;Consumer Discretionary;MTELEKOM.BD;Hungary,
MOL Group;Energy;MOL.BD;Hungary,
Opus;Consumer Discretionary;OPUS.BD;Hungary,
OTP Bank;Financials;OTP.BD;Hungary,
PannErgy;Consumer Discretionary;PERGY.BD;Hungary,
Waberer's International;Consumer Discretionary;WABERERS.BD;Hungary,
Agnico Eagle Mines Limited;Materials;AEM.TO;Canada,
Algonquin Power & Utilities Corp.;Utilities;AQN.TO;Canada,
Alimentation Couche-Tard Inc.;Consumer Defensive;ATD-B.TO;Canada,
BCE Inc.;Consumer Discretionary;BCE.TO;Canada,
Bank of Montreal;Financials;BMO.TO;Canada,
Bank of Nova Scotia;Financials;BNS.TO;Canada,
Barrick Gold Corporation;Materials;ABX.TO;Canada,
Bausch Health Companies Inc.;Healthcare;BHC.TO;Canada,
Brookfield Asset Management Inc.;Financials;BAM-A.TO;Canada,
Brookfield Infrastructure Partners L.P.;Utilities;BIP-UN.TO;Canada,
Brookfield Property Partners L.P.;Real Estate;BPY-UN.TO;Canada,
CCL Industries Inc.;Consumer Discretionary;CCL-B.TO;Canada,
CGI Inc.;Information Technology;GIB-A.TO;Canada,
Cameco Corporation;Energy;CCO.TO;Canada,
Canadian Apartment Properties Real Estate Investment Trust;Real Estate;CAR-UN.TO;Canada,
Canadian Imperial Bank of Commerce;Financials;CM.TO;Canada,
Canadian National Railway Company;Industrials;CNR.TO;Canada,
Canadian Natural Resources Limited;Energy;CNQ.TO;Canada,
Canadian Pacific Railway Limited;Industrials;CP.TO;Canada,
Canadian Tire Corporation Limited;Consumer Discretionary;CTC-A.TO;Canada,
Canopy Growth Corporation;Healthcare;WEED.TO;Canada,
Cenovus Energy Inc.;Energy;CVE.TO;Canada,
Constellation Software Inc.;Information Technology;CSU.TO;Canada,
Dollarama Inc.;Consumer Defensive;DOL.TO;Canada,
Emera Incorporated;Utilities;EMA.TO;Canada,
Enbridge Inc.;Energy;ENB.TO;Canada,
First Quantum Minerals Ltd.;Materials;FM.TO;Canada,
Fortis Inc.;Utilities;FTS.TO;Canada,
Franco-Nevada Corporation;Materials;FNV.TO;Canada,
George Weston Limited;Consumer Defensive;WN.TO;Canada,
Gildan Activewear Inc.;Consumer Discretionary;GIL.TO;Canada,
Imperial Oil Limited;Energy;IMO.TO;Canada,
Inter Pipeline Ltd.;Energy;IPL.TO;Canada,
Kinross Gold Corporation;Materials;K.TO;Canada,
Kirkland Lake Gold Ltd.;Materials;KL.TO;Canada,
Loblaw Companies Limited;Consumer Defensive;L.TO;Canada,
Magna International Inc.;Consumer Discretionary;MG.TO;Canada,
Manulife Financial Corporation;Financials;MFC.TO;Canada,
Metro Inc.;Consumer Defensive;MRU.TO;Canada,
National Bank of Canada;Financials;NA.TO;Canada,
Nutrien Ltd.;Materials;NTR.TO;Canada,
Open Text Corporation;Information Technology;OTEX.TO;Canada,
Pembina Pipeline Corporation;Energy;PPL.TO;Canada,
Power Corporation of Canada;Financials;POW.TO;Canada,
Restaurant Brands International Inc.;Consumer Discretionary;QSR.TO;Canada,
Rogers Communications Inc.;Consumer Discretionary;RCI-B.TO;Canada,
Royal Bank of Canada;Financials;RY.TO;Canada,
SNC-Lavalin Group Inc.;Industrials;SNC.TO;Canada,
Saputo Inc.;Consumer Defensive;SAP.TO;Canada,
Shaw Communications Inc.;Consumer Discretionary;SJR-B.TO;Canada,
Shopify Inc.;Information Technology;SHOP.TO;Canada,
Sun Life Financial Inc.;Financials;SLF.TO;Canada,
Suncor Energy Inc.;Energy;SU.TO;Canada,
TC Energy Corporation;Energy;TRP.TO;Canada,
Teck Resources Limited;Materials;TECK-B.TO;Canada,
Telus Corporation;Consumer Discretionary;T.TO;Canada,
Thomson Reuters Corporation;Industrials;TRI.TO;Canada,
Toronto-Dominion Bank;Financials;TD.TO;Canada,
Waste Connections Inc.;Industrials;WCN.TO;Canada,
Wheaton Precious Metals Corp.;Materials;WPM.TO;Canada,
AESGener;Utilities;AESGENER.SN;Chile,
Aguas Andinas;Consumer Defensive;AGUAS-A.SN;Chile,
Embotelladora Andina;Consumer Defensive;ANDINA-B.SN;Chile,
Banco de Crédito e Inversiones;Financials;BCI.SN;Chile,
Banco Santander Santiago;Financials;BSANTANDER.SN;Chile,
Compañía de Acero del Pacífico;Materials;CAP.SN;Chile,
Compañía Cervecerías Unidas;Consumer Defensive;CCU.SN;Chile,
Cencosud;Consumer Discretionary;CENCOSUD.SN;Chile,
Banco de Chile;Financials;CHILE.SN;Chile,
Empresas CMPC;Materials;CMPC.SN;Chile,
Colbun;Utilities;COLBUN.SN;Chile,
Viña Concha y Toro;Consumer Discretionary;CONCHATORO.SN;Chile,
Empresas Copec;Materials;COPEC.SN;Chile,
E-CL;Utilities;ECL.SN;Chile,
Empresa Nacional de Electricidad;Utilities;ENELCHILE.SN;Chile,
Enel Chile;Utilities;ENIC;Chile,
Entel Chile;Communication Services;ENTEL.SN;Chile,
S.A.C.I. Falabella;Consumer Discretionary;FALABELLA.SN;Chile,
Inversiones Aguas Metropolitanas;Consumer Defensive;IAM.SN;Chile,
ILC Inversiones;Materials;ILC.SN;Chile,
Latam Airlines Group;Industrials;LTM.SN;Chile,
Parque Arauco S.A.;Consumer Discretionary;PARAUCO.SN;Chile,
Ripley;Consumer Discretionary;RIPLEY.SN;Chile,
Salfacorp;Real Estate;SALFACORP.SN;Chile,
Grupo Security;Financials;SECURITY.SN;Chile,
Sonda;Information Technology;SONDA.SN;Chile,
Sociedad Química y Minera de Chile;Materials;SQM-B.SN;Chile,
Compañía Sudamericana de Vapores;Industrials;VAPORES.SN;Chile,
Bancolombia;Financials;CIB;Colombia,
Ecopetrol;Energy;EC;Colombia,
Ambu;Healthcare;AMBU-B.CO;Denmark,
A.P. Møller-Mærsk (class A);Industrials;MAERSK-A.CO;Denmark,
A.P. Møller-Mærsk (class B);Industrials;MAERSK-B.CO;Denmark,
Carlsberg Group;Consumer Discretionary;CARL-B.CO;Denmark,
Chr. Hansen;Industrials;CHR.CO;Denmark,
Coloplast;Healthcare;COLO-B.CO;Denmark,
Danske Bank;Financials;DANSKE.CO;Denmark,
Demant;Healthcare;DEMANT.CO;Denmark,
DSV;Industrials;DSV.CO;Denmark,
FLSmidth & Co.;Industrials;FLS.CO;Denmark,
Genmab;Healthcare;GMAB.CO;Denmark,
GN Store Nord;Healthcare;GN.CO;Denmark,
ISS;Consumer Discretionary;ISS.CO;Denmark,
Jyske Bank A/S;Financials;JYSK.CO;Denmark,
Lundbeck;Healthcare;LUN.CO;Denmark,
Novo Nordisk;Healthcare;NOVO-B.CO;Denmark,
Novozymes;Industrials;NZYM-B.CO;Denmark,
Ørsted;Utilities;ORSTED.CO;Denmark,
Pandora A/S;Consumer Discretionary;PNDORA.CO;Denmark,
Rockwool International;Materials;ROCK-B.CO;Denmark,
Royal Unibrew;Consumer Discretionary;RBREW.CO;Denmark,
SimCorp;Information Technology;SIM.CO;Denmark,
Topdanmark;Financials;TOP.CO;Denmark,
Tryg;Financials;TRYG.CO;Denmark,
Vestas Wind Systems;Utilities;VWS.CO;Denmark,
Komercní banka a.s.;Financials;KMERF;Czech Republic,
Avast Plc;Information Technology;AVST.PR;Czech Republic,
CEZ a. s.;Utilities;CEZ.PR;Czech Republic,
MONETA Money Bank a.s.;Financials;MONET.PR;Czech Republic,
Erste Group Bank AG;Financials;ERBAG.PR;Czech Republic,
O2 Czech Republic a.s.;Communication Services;TELEC.PR;Czech Republic,
Acciona;Industrials;ANA.MC;Spain,
Acerinox;Materials;ACX.MC;Spain,
ACS Group;Industrials;ACS.MC;Spain,
Aena;Industrials;AENA.MC;Spain,
Amadeus IT Group;Consumer Discretionary;AMS.MC;Spain,
ArcelorMittal;Materials;MTS.MC;Spain,
Banco Sabadell;Financials;SAB.MC;Spain,
Banco Santander;Financials;SAN.MC;Spain,
Bankia;Financials;BKIA.MC;Spain,
Bankinter;Financials;BKT.MC;Spain,
BBVA;Financials;BBVA.MC;Spain,
CaixaBank;Financials;CABK.MC;Spain,
Cellnex Telecom;Consumer Discretionary;CLNX.MC;Spain,
CIE Automotive;Consumer Discretionary;CIE.MC;Spain,
Enagás;Energy;ENG.MC;Spain,
ENCE;Industrials;ENC.MC;Spain,
Endesa;Utilities;ELE.MC;Spain,
Ferrovial;Industrials;FER.MC;Spain,
Grifols;Healthcare;GRF.MC;Spain,
IAG;Industrials;IAG.MC;Spain,
Iberdrola;Utilities;IBE.MC;Spain,
Inditex;Consumer Discretionary;ITX.MC;Spain,
Indra;Information Technology;IDR.MC;Spain,
Inmobiliaria Colonial;Real Estate;COL.MC;Spain,
Mapfre;Financials;MAP.MC;Spain,
Mediaset España;Communication Services;TL5.MC;Spain,
Meliá Hotels;Consumer Discretionary;MEL.MC;Spain,
Merlin Properties;Real Estate;MRL.MC;Spain,
Naturgy;Energy;NTGY.MC;Spain,
Red Eléctrica de España;Utilities;REE.MC;Spain,
Repsol;Energy;REP.MC;Spain,
Siemens Gamesa;Energy;SGRE.MC;Spain,
Técnicas Reunidas;Industrials;TRE.MC;Spain,
Telefónica;Consumer Discretionary;TEF.MC;Spain,
Viscofan;Consumer Defensive;VIS.MC;Spain,
AS Trigon Property Development;Real Estate;TPD1T.TL;Estonia,
AS Ekspress Grupp;Consumer Discretionary;EEG1T.TL;Estonia,
Arco Vara AS;Real Estate;ARC1T.TL;Estonia,
AS Pro Kapital Grupp;Real Estate;PKG1T.TL;Estonia,
AS Tallinna Vesi;Utilities;TVEAT.TL;Estonia,
AS Tallink Grupp;Industrials;TAL1T.TL;Estonia,
AS Silvano Fashion Group;Consumer Discretionary;SFG1T.TL;Estonia,
AS PRFoods;Consumer Defensive;PRF1T.TL;Estonia,
Tallinna Kaubamaja Grupp AS;Consumer Discretionary;TKM1T.TL;Estonia,
AS Baltika;Consumer Discretionary;BLT1T.TL;Estonia,
Skano Group AS;Consumer Discretionary;SKN1T.TL;Estonia,
AS Merko Ehitus;Industrials;MRK1T.TL;Estonia,
Nordecon AS;Industrials;NCN1T.TL;Estonia,
AS Harju Elekter;Industrials;HAE1T.TL;Estonia,
Cargotec;Industrials;CGCBV.HE;Finland,
Elisa;Consumer Discretionary;ELISA.HE;Finland,
Fortum;Utilities;FORTUM.HE;Finland,
Huhtamäki;Consumer Discretionary;HUH1V.HE;Finland,
Kemira;Industrials;KEMIRA.HE;Finland,
Kesko;Consumer Defensive;KESKOB.HE;Finland,
Kojamo;Financials;KOJAMO.HE;Finland,
Kone;Industrials;KNEBV.HE;Finland,
Konecranes;Industrials;KCR.HE;Finland,
Metso Outotec;Industrials;MOCORP.HE;Finland,
Metsä Board;Materials;METSB.HE;Finland,
Neles;Industrials;NELES.HE;Finland,
Neste;Energy;NESTE.HE;Finland,
Nokia;Communication Services;NOKIA.HE;Finland,
Nokian Tyres;Materials;TYRES.HE;Finland,
Nordea AB;Financials;NDA-FI.HE;Finland,
Orion Corporation;Healthcare;ORNBV.HE;Finland,
Outokumpu;Materials;OUT1V.HE;Finland,
Sampo;Financials;SAMPO.HE;Finland,
Stora Enso;Materials;STERV.HE;Finland,
Telia Company;Consumer Discretionary;TELIA1.HE;Finland,
TietoEVRY;Information Technology;TIETO.HE;Finland,
UPM;Materials;UPM.HE;Finland,
Valmet;Consumer Discretionary;VALMT.HE;Finland,
Wärtsilä;Industrials;WRTBF;Finland,
Accor;Consumer Discretionary;AC.PA;France,
Air Liquide;Materials;AI.PA;France,
Airbus;Industrials;AIR.PA;France,
Atos;Information Technology;ATO.PA;France,
AXA;Financials;CS.PA;France,
BNP Paribas;Financials;BNP.PA;France,
Bouygues;Industrials;EN.PA;France,
Capgemini;Information Technology;CAP.PA;France,
Carrefour;Consumer Defensive;CA.PA;France,
Crédit Agricole;Financials;ACA.PA;France,
Danone;Consumer Defensive;BN.PA;France,
Dassault Systèmes;Information Technology;DSY.PA;France,
Engie;Utilities;ENGI.PA;France,
Essilor;Healthcare;EL.PA;France,
Hermès;Consumer Discretionary;RMS.PA;France,
Kering;Consumer Discretionary;KER.PA;France,
L'Oréal;Consumer Defensive;OR.PA;France,
Legrand;Industrials;LR.PA;France,
LVMH;Consumer Discretionary;MC.PA;France,
Michelin;Industrials;ML.PA;France,
Orange;Consumer Discretionary;ORA.PA;France,
Pernod Ricard;Consumer Defensive;RI.PA;France,
PSA;Consumer Discretionary;UG.PA;France,
Publicis;Consumer Discretionary;PUB.PA;France,
Renault;Consumer Discretionary;RNO.PA;France,
Safran;Industrials;SAF.PA;France,
Saint-Gobain;Industrials;SGO.PA;France,
Sanofi;Healthcare;SAN.PA;France,
Schneider Electric;Industrials;SU.PA;France,
Société Générale;Financials;GLE.PA;France,
Sodexo;Industrials;SW.PA;France,
STMicroelectronics;Information Technology;STM.PA;France,
Thales;Industrials;HO.PA;France,
Total;Energy;FP.PA;France,
Veolia;Industrials;VIE.PA;France,
Vinci;Industrials;DG.PA;France,
Vivendi;Consumer Discretionary;VIV.PA;France,
Worldline;Information Technology;WLN.PA;France,
Adidas;Consumer Discretionary;ADS.DE;Germany,
Allianz;Financials;ALV.DE;Germany,
BASF;Materials;BAS.DE;Germany,
Bayer;Healthcare;BAYN.DE;Germany,
Beiersdorf;Consumer Defensive;BEI.DE;Germany,
BMW;Consumer Discretionary;BMW.DE;Germany,
Continental;Consumer Discretionary;CON.DE;Germany,
Covestro;Materials;1COV.DE;Germany,
Daimler;Consumer Discretionary;DAI.DE;Germany,
Delivery Hero;Consumer Defensive;DHER.DE;Germany,
Deutsche Bank;Financials;DBK.DE;Germany,
Deutsche Börse;Financials;DB1.DE;Germany,
Deutsche Post;Industrials;DPW.DE;Germany,
Deutsche Telekom;Consumer Discretionary;DTE.DE;Germany,
Deutsche Wohnen;Real Estate;DWNI.DE;Germany,
E.ON;Utilities;EOAN.DE;Germany,
Fresenius;Healthcare;FRE.DE;Germany,
Fresenius Medical Care;Healthcare;FME.DE;Germany,
HeidelbergCement;Materials;HEI.DE;Germany,
Henkel;Consumer Defensive;HEN3.DE;Germany,
Infineon Technologies;Information Technology;IFX.DE;Germany,
Linde;Materials;LIN.DE;Germany,
Merck;Healthcare;MRK.DE;Germany,
MTU Aero Engines;Industrials;MTX.DE;Germany,
Munich Re;Financials;MUV2.DE;Germany,
RWE;Utilities;RWE.DE;Germany,
SAP;Information Technology;SAP.DE;Germany,
Siemens;Industrials;SIE.DE;Germany,
Volkswagen Group;Consumer Discretionary;VOW3.DE;Germany,
Vonovia;Real Estate;VNA.DE;Germany,
Eik Fasteignafélag;Real Estate;EIK.IC;Iceland,
Festi hf.;Consumer Discretionary;FESTI.IC;Iceland,
Hagar hf.;Consumer Discretionary;HAGA.IC;Iceland,
Icelandair Group;Consumer Discretionary;ICEAIR.IC;Iceland,
Marel hf.;Consumer Discretionary;MAREL.IC;Iceland,
Reginn hf;Real Estate;REGINN.IC;Iceland,
Reitir Fasteignafélag;Real Estate;REITIR.IC;Iceland,
Síminn;Communication Services;SIMINN.IC;Iceland,
PT Kedawung Setia Industrial Tbk;Consumer Discretionary;KDSI.JK;Indonesia,
PT Bank MNC Internasional Tbk;Financials;BABP.JK;Indonesia,
PT Red Planet Indonesia Tbk;Consumer Discretionary;PSKT.JK;Indonesia,
P.T. Bank Pan Indonesia Tbk;Financials;PNBN.JK;Indonesia,
PT Fortune Mate Indonesia Tbk;Real Estate;FMII.JK;Indonesia,
PT Lippo General Insurance Tbk;Financials;LPGI.JK;Indonesia,
Adani Ports;Industrials;ADANIPORTS.NS;India,
Asian Paints;Consumer Defensive;ASIANPAINT.NS;India,
Axis Bank;Financials;AXISBANK.NS;India,
Bajaj Auto;Consumer Discretionary;BAJAJ-AUTO.NS;India,
Bajaj Finance;Financials;BAJFINANCE.NS;India,
Bajaj Finserv;Financials;BAJAJFINSV.NS;India,
Bharti Airtel;Communication Services;BHARTIARTL.NS;India,
Bharat Petroleum;Energy;BPCL.NS;India,
Britannia Industries;Consumer Defensive;BRITANNIA.NS;India,
Cipla;Healthcare;CIPLA.NS;India,
Coal India;Materials;COALINDIA.NS;India,
Divi's Laboratories;Healthcare;DIVISLAB.NS;India,
Dr. Reddy's Laboratories;Healthcare;DRREDDY.NS;India,
Eicher Motors;Consumer Discretionary;EICHERMOT.NS;India,
GAIL;Energy;GAIL.NS;India,
Grasim Industries;Materials;GRASIM.NS;India,
HCL Technologies;Information Technology;HCLTECH.NS;India,
HDFC;Financials;HDFC.NS;India,
HDFC Bank;Financials;HDFCBANK.NS;India,
HDFC Life;Financials;HDFCLIFE.NS;India,
Hero MotoCorp;Consumer Discretionary;HEROMOTOCO.NS;India,
Hindalco Industries;Materials;HINDALCO.NS;India,
Hindustan Unilever;Consumer Defensive;HINDUNILVR.NS;India,
ICICI Bank;Financials;ICICIBANK.NS;India,
IndusInd Bank;Financials;INDUSINDBK.NS;India,
Infosys;Information Technology;INFY.NS;India,
Indian Oil Corporation;Energy;IOC.NS;India,
ITC Limited;Consumer Defensive;ITC.NS;India,
JSW Steel;Materials;JSWSTEEL.NS;India,
Kotak Mahindra Bank;Financials;KOTAKBANK.NS;India,
Larsen & Toubro;Industrials;LT.NS;India,
Mahindra & Mahindra;Consumer Discretionary;M&M.NS;India,
Maruti Suzuki;Consumer Discretionary;MARUTI.NS;India,
Nestlé India;Consumer Defensive;NESTLEIND.NS;India,
NTPC;Energy;NTPC.NS;India,
Oil and Natural Gas Corporation;Energy;ONGC.NS;India,
Power Grid Corporation of India;Energy;POWERGRID.NS;India,
Reliance Industries;Energy;RELIANCE.NS;India,
State Bank of India;Financials;SBIN.NS;India,
SBI Life Insurance Company;Financials;SBILIFE.NS;India,
Shree Cements;Materials;SHREECEM.NS;India,
Sun Pharmaceutical;Healthcare;SUNPHARMA.NS;India,
Tata Motors;Consumer Discretionary;TATAMOTORS.NS;India,
Tata Steel;Materials;TATASTEEL.NS;India,
Tata Consultancy Services;Information Technology;TCS.NS;India,
Tech Mahindra;Information Technology;TECHM.NS;India,
Titan Company;Consumer Defensive;TITAN.NS;India,
UltraTech Cement;Materials;ULTRACEMCO.NS;India,
United Phosphorus Limited;Materials;UPL.NS;India,
Wipro;Information Technology;WIPRO.NS;India,
AIB Group;Financials;A5G.IR;Ireland,
Applegreen;Consumer Discretionary;APGN.IR;Ireland,
Aryzta;Consumer Defensive;YZA.IR;Ireland,
Bank of Ireland;Financials;BIRG.IR;Ireland,
Cairn Homes;Consumer Discretionary;C5H.IR;Ireland,
CRH;Materials;CRG.IR;Ireland,
Dalata Hotel Group;Consumer Discretionary;DHG.IR;Ireland,
Flutter Entertainment;Consumer Discretionary;FLTR.IR;Ireland,
Glanbia;Consumer Defensive;GL9.IR;Ireland,
Glenveagh Properties;Consumer Discretionary;GVR.IR;Ireland,
Greencoat Renewables;Energy;GRP.IR;Ireland,
Hibernia REIT;Real Estate;HBRN.IR;Ireland,
Irish Continental Group;Industrials;IR5B.IR;Ireland,
Irish Residential Properties REIT;Real Estate;IRES.IR;Ireland,
Kerry Group;Consumer Defensive;KRZ.IR;Ireland,
Kingspan Group;Industrials;KRX.IR;Ireland,
Origin Enterprises;Consumer Defensive;OIZ.IR;Ireland,
Ryanair Holdings;Industrials;RY4C.IR;Ireland,
Smurfit Kappa;Consumer Discretionary;SK3.IR;Ireland,
Total Produce;Consumer Defensive;T7O.IR;Ireland,
Airport City Ltd;Real Estate;ARPT.TA;Israel,
Alony Hetz;Real Estate;ALHE.TA;Israel,
Amot Investments;Real Estate;AMOT.TA;Israel,
Azrieli Group;Real Estate;AZRG.TA;Israel,
BAZAN Group;Energy;ORL.TA;Israel,
Bezeq;Consumer Discretionary;BEZQ.TA;Israel,
Delek Drilling;Energy;DEDR-L.TA;Israel,
Delek Group;Consumer Discretionary;DLEKG.TA;Israel,
Israel Discount Bank;Financials;DSCT.TA;Israel,
Elbit Systems;Consumer Discretionary;ESLT.TA;Israel,
Energean Oil & Gas;Energy;ENOG.TA;Israel,
Fattal 1998 Holdings;Consumer Discretionary;FTAL.TA;Israel,
First International Bank of Israel;Financials;FIBI.TA;Israel,
Gazit-Globe;Real Estate;GZT.TA;Israel,
Harel Insurance;Financials;HARL.TA;Israel,
ICL Israel Chemicals;Materials;ICL.TA;Israel,
International Flavors & Fragrances;Consumer Defensive;IFF.TA;Israel,
Israel Corporation;Energy;ILCO.TA;Israel,
Isramco;Energy;ISRA-L.TA;Israel,
Bank Leumi;Financials;LUMI.TA;Israel,
LivePerson;Information Technology;LPSN.TA;Israel,
Melisron;Real Estate;MLSR.TA;Israel,
Mizrahi-Tefahot Bank;Financials;MZTF.TA;Israel,
NICE Ltd.;Information Technology;NICE.TA;Israel,
OPKO Health;Healthcare;OPK.TA;Israel,
Ormat Technologies;Utilities;ORA.TA;Israel,
Paz Oil Company;Energy;PZOL.TA;Israel,
Perrigo;Healthcare;PRGO.TA;Israel,
Phoenix Holdings Ltd.;Financials;PHOE.TA;Israel,
Bank Hapoalim;Financials;POLI.TA;Israel,
Shapir Engineering Industry;Industrials;SPEN.TA;Israel,
Shufersal;Consumer Discretionary;SAE.TA;Israel,
Strauss Group;Consumer Defensive;STRS.TA;Israel,
Teva Pharmaceutical Industries;Healthcare;TEVA.TA;Israel,
Tower Semiconductor;Information Technology;TSEM.TA;Israel,
A2A;Utilities;A2A.MI;Italy,
Amplifon;Healthcare;AMP.MI;Italy,
Atlantia;Consumer Discretionary;ATL.MI;Italy,
Azimut;Financials;AZM.MI;Italy,
Banca Generali;Financials;BGN.MI;Italy,
Banco BPM;Financials;BAMI.MI;Italy,
BPER Banca;Financials;BPE.MI;Italy,
Brembo;Consumer Discretionary;BRE.MI;Italy,
Buzzi Unicem;Materials;BZU.MI;Italy,
Campari;Consumer Defensive;CPR.MI;Italy,
CNH Industrial;Industrials;CNHI.MI;Italy,
Diasorin;Healthcare;DIA.MI;Italy,
Enel;Utilities;ENEL.MI;Italy,
Eni;Energy;ENI.MI;Italy,
Exor;Financials;EXO.MI;Italy,
Ferrari;Consumer Discretionary;RACE.MI;Italy,
Fiat Chrysler Automobiles;Consumer Discretionary;FCA.MI;Italy,
FinecoBank;Financials;FBK.MI;Italy,
Generali;Financials;G.MI;Italy,
Intesa Sanpaolo;Financials;ISP.MI;Italy,
Italgas;Utilities;IG.MI;Italy,
Juventus Football Club;Consumer Discretionary;JUVE.MI;Italy,
Leonardo;Industrials;LDO.MI;Italy,
Mediobanca;Financials;MB.MI;Italy,
Moncler;Consumer Defensive;MONC.MI;Italy,
Pirelli;Consumer Discretionary;PIRC.MI;Italy,
Poste italiane;Financials;PST.MI;Italy,
Prysmian;Utilities;PRY.MI;Italy,
Recordati;Healthcare;REC.MI;Italy,
Saipem;Energy;SPM.MI;Italy,
Salvatore Ferragamo;Consumer Defensive;SFER.MI;Italy,
Snam;Consumer Defensive;SRG.MI;Italy,
STMicroelectronics;Information Technology;STM.MI;Italy,
Telecom Italia;Consumer Discretionary;TIT.MI;Italy,
Tenaris;Industrials;TEN.MI;Italy,
Terna;Utilities;TRN.MI;Italy,
UBI Banca;Financials;UBI.MI;Italy,
UniCredit;Financials;UCG.MI;Italy,
Unipol;Financials;UNI.MI;Italy,
UnipolSai;Financials;US.MI;Italy,
ADVANTEST CORP;Utilities;6857.T;Japan,
AEON LTD;Consumer Discretionary;8267.T;Japan,
AGC INC;Consumer Discretionary;5201.T;Japan,
AJINOMOTO INC;Consumer Defensive;2802.T;Japan,
ALPS ALPINE LTD;Utilities;6770.T;Japan,
AMADA HOLDINGS LTD;Industrials;6113.T;Japan,
ANA HOLDINGS INC;Consumer Discretionary;9202.T;Japan,
AOZORA BANK LTD;Financials;8304.T;Japan,
ASAHI GROUP HOLDINGS LTD;Consumer Defensive;2502.T;Japan,
ASAHI KASEI CORP;Materials;3407.T;Japan,
ASTELLAS PHARMA INC;Healthcare;4503.T;Japan,
BANDAI NAMCO HOLDINGS INC;Consumer Discretionary;7832.T;Japan,
BRIDGESTONE CORP;Materials;5108.T;Japan,
CANON INC;Utilities;7751.T;Japan,
CASIO COMPUTER LTD;Utilities;6952.T;Japan,
CENTRAL JAPAN RAILWAY;Consumer Discretionary;9022.T;Japan,
CHIBA BANK LTD;Financials;8331.T;Japan,
CHUBU ELECTRIC POWER INC;Utilities;9502.T;Japan,
CHUGAI PHARMACEUTICAL LTD;Healthcare;4519.T;Japan,
CITIZEN WATCH LTD;Consumer Discretionary;7762.T;Japan,
COMSYS HOLDINGS CORP;Industrials;1721.T;Japan,
CONCORDIA FINANCIAL GROUP LTD;Financials;7186.T;Japan,
CREDIT SAISON LTD;Financials;8253.T;Japan,
CYBER AGENT INC;Consumer Discretionary;4751.T;Japan,
DAI NIPPON PRINTING LTD;Consumer Discretionary;7912.T;Japan,
DAI-ICHI LIFE HOLDINGS INC;Financials;8750.T;Japan,
DAIICHI SANKYO LTD;Healthcare;4568.T;Japan,
DAIKIN INDUSTRIES LTD;Industrials;6367.T;Japan,
DAINIPPON SUMITOMO PHARMA LTD;Healthcare;4506.T;Japan,
DAIWA HOUSE INDUSTRY LTD;Industrials;1925.T;Japan,
DAIWA SECURITIES GROUP INC;Industrials;8601.T;Japan,
DENA LTD;Consumer Discretionary;2432.T;Japan,
DENKA CO LTD;Materials;4061.T;Japan,
DENSO CORP;Consumer Discretionary;6902.T;Japan,
DENTSU GROUP INC;Consumer Discretionary;4324.T;Japan,
DIC CORP;Materials;4631.T;Japan,
DOWA HOLDINGS LTD;Materials;5714.T;Japan,
EAST JAPAN RAILWAY;Consumer Discretionary;9020.T;Japan,
EBARA CORP;Industrials;6361.T;Japan,
EISAI LTD;Healthcare;4523.T;Japan,
FAMILYMART LTD;Consumer Discretionary;8028.T;Japan,
FANUC CORP;Utilities;6954.T;Japan,
FAST RETAILING LTD;Consumer Discretionary;9983.T;Japan,
FUJI ELECTRIC LTD;Utilities;6504.T;Japan,
FUJIFILM HOLDINGS CORP;Materials;4901.T;Japan,
FUJIKURA LTD;Materials;5803.T;Japan,
FUJITSU LTD;Utilities;6702.T;Japan,
FUKUOKA FINANCIAL GROUP INC;Financials;8354.T;Japan,
FURUKAWA ELECTRIC LTD;Materials;5801.T;Japan,
GS YUASA CORP;Utilities;6674.T;Japan,
HASEKO CORP;Industrials;1808.T;Japan,
HINO MOTORS LTD;Consumer Discretionary;7205.T;Japan,
HITACHI CONSTRUCTION MACHINERY LTD;Industrials;6305.T;Japan,
HITACHI LTD;Utilities;6501.T;Japan,
HITACHI ZOSEN CORP;Industrials;7004.T;Japan,
HONDA MOTOR LTD;Consumer Discretionary;7267.T;Japan,
IDEMITSU KOSAN LTD;Materials;5019.T;Japan,
IHI CORP;Industrials;7013.T;Japan,
INPEX CORP;Materials;1605.T;Japan,
ISETAN MITSUKOSHI HOLDINGS LTD;Consumer Discretionary;3099.T;Japan,
ISUZU MOTORS LTD;Consumer Discretionary;7202.T;Japan,
ITOCHU CORP;Consumer Discretionary;8001.T;Japan,
J.FRONT RETAILING LTD;Consumer Discretionary;3086.T;Japan,
JAPAN POST HOLDINGS LTD;Consumer Discretionary;6178.T;Japan,
JAPAN STEEL WORKS LTD;Industrials;5631.T;Japan,
JAPAN TOBACCO INC;Consumer Defensive;2914.T;Japan,
JFE HOLDINGS INC;Materials;5411.T;Japan,
JGC HOLDINGS CORP;Industrials;1963.T;Japan,
JTEKT CORP;Industrials;6473.T;Japan,
JXTG HOLDINGS INC;Materials;5020.T;Japan,
KAJIMA CORP;Industrials;1812.T;Japan,
KANSAI ELECTRIC POWER INC;Utilities;9503.T;Japan,
KAO CORP;Materials;4452.T;Japan,
KAWASAKI HEAVY INDUSTRIES LTD;Consumer Discretionary;7012.T;Japan,
KAWASAKI KISEN LTD;Consumer Discretionary;9107.T;Japan,
KDDI CORP;Communication Services;9433.T;Japan,
KEIO CORP;Consumer Discretionary;9008.T;Japan,
KEISEI ELECTRIC RAILWAY LTD;Consumer Discretionary;9009.T;Japan,
KIKKOMAN CORP;Consumer Defensive;2801.T;Japan,
KIRIN HOLDINGS LTD;Consumer Defensive;2503.T;Japan,
KOBE STEEL LTD;Materials;5406.T;Japan,
KOMATSU LTD;Industrials;6301.T;Japan,
KONAMI HOLDINGS CORP;Communication Services;9766.T;Japan,
KONICA MINOLTA INC;Utilities;4902.T;Japan,
KUBOTA CORP;Industrials;6326.T;Japan,
KURARAY LTD;Materials;3405.T;Japan,
KYOCERA CORP;Utilities;6971.T;Japan,
KYOWA KIRIN LTD;Healthcare;4151.T;Japan,
M3 INC;Consumer Discretionary;2413.T;Japan,
MARUBENI CORP;Consumer Discretionary;8002.T;Japan,
MARUHA NICHIRO CORP;Industrials;1333.T;Japan,
MARUI GROUP LTD;Consumer Discretionary;8252.T;Japan,
MATSUI SECURITIES LTD;Industrials;8628.T;Japan,
MAZDA MOTOR CORP;Consumer Discretionary;7261.T;Japan,
MEIJI HOLDINGS LTD;Consumer Defensive;2269.T;Japan,
MINEBEA MITSUMI INC;Utilities;6479.T;Japan,
MITSUBISHI CHEMICAL CORP;Materials;4188.T;Japan,
MITSUBISHI CORP;Consumer Discretionary;8058.T;Japan,
MITSUBISHI ELECTRIC CORP;Utilities;6503.T;Japan,
MITSUBISHI ESTATE CO LTD;Real Estate;8802.T;Japan,
MITSUBISHI HEAVY INDUSTRIES LTD;Industrials;7011.T;Japan,
MITSUBISHI LOGISTICS CORP;Consumer Discretionary;9301.T;Japan,
MITSUBISHI MATERIALS CORP;Materials;5711.T;Japan,
MITSUBISHI MOTORS CORP;Consumer Discretionary;7211.T;Japan,
MITSUBISHI UFJ FINANCIAL GROUP INC;Financials;8306.T;Japan,
MITSUI CHEMICALS INC;Materials;4183.T;Japan,
MITSUI E&S HOLDINGS LTD;Consumer Discretionary;7003.T;Japan,
MITSUI FUDOSAN LTD;Real Estate;8801.T;Japan,
MITSUI LTD;Consumer Discretionary;8031.T;Japan,
MITSUI MINING AND SMELTING LTD;Materials;5706.T;Japan,
MITSUI OSK LINES LTD;Consumer Discretionary;9104.T;Japan,
MIZUHO FINANCIAL GROUP INC;Financials;8411.T;Japan,
MS&AD INSURANCE GROUP HOLDINGS INC;Financials;8725.T;Japan,
NEC CORP;Utilities;6701.T;Japan,
NGK INSULATORS LTD;Consumer Discretionary;5333.T;Japan,
NH FOODS LTD;Consumer Defensive;2282.T;Japan,
NICHIREI CORP;Consumer Defensive;2871.T;Japan,
NIKON CORP;Consumer Discretionary;7731.T;Japan,
NIPPON ELECTRIC GLASS LTD;Consumer Discretionary;5214.T;Japan,
NIPPON EXPRESS LTD;Consumer Discretionary;9062.T;Japan,
NIPPON KAYAKU LTD;Materials;4272.T;Japan,
NIPPON LIGHT METAL HOLDINGS LTD;Materials;5703.T;Japan,
NIPPON PAPER INDUSTRIES LTD;Materials;3863.T;Japan,
NIPPON SHEET GLASS LTD;Consumer Discretionary;5202.T;Japan,
NIPPON STEEL CORP;Materials;5401.T;Japan,
NIPPON SUISAN LTD;Industrials;1332.T;Japan,
NIPPON TELEGRAPH AND TELEPHONE COR;Communication Services;9432.T;Japan,
NIPPON YUSEN;Consumer Discretionary;9101.T;Japan,
NISSAN CHEMICAL CORP;Materials;4021.T;Japan,
NISSAN MOTOR LTD;Consumer Discretionary;7201.T;Japan,
NISSHIN SEIFUN GROUP INC;Consumer Defensive;2002.T;Japan,
NISSHINBO HOLDINGS INC;Utilities;3105.T;Japan,
NITTO DENKO CORP;Materials;6988.T;Japan,
NOMURA HOLDINGS INC;Industrials;8604.T;Japan,
NSK LTD;Industrials;6471.T;Japan,
NTN CORP;Industrials;6472.T;Japan,
NTT DATA CORP;Communication Services;9613.T;Japan,
NTT DOCOMO INC;Communication Services;9437.T;Japan,
OBAYASHI CORP;Industrials;1802.T;Japan,
ODAKYU ELECTRIC RAILWAY LTD;Consumer Discretionary;9007.T;Japan,
OJI HOLDINGS CORP;Materials;3861.T;Japan,
OKI ELECTRIC INDUSTRY LTD;Utilities;6703.T;Japan,
OKUMA CORP;Industrials;6103.T;Japan,
OLYMPUS CORP;Consumer Discretionary;7733.T;Japan,
OMRON CORP;Utilities;6645.T;Japan,
OSAKA GAS LTD;Utilities;9532.T;Japan,
OTSUKA HOLDINGS LTD;Healthcare;4578.T;Japan,
PACIFIC METALS LTD;Materials;5541.T;Japan,
PANASONIC CORP;Utilities;6752.T;Japan,
RAKUTEN INC;Consumer Discretionary;4755.T;Japan,
RECRUIT HOLDINGS LTD;Consumer Discretionary;6098.T;Japan,
RESONA HOLDINGS INC;Financials;8308.T;Japan,
RICOH LTD;Utilities;7752.T;Japan,
SAPPORO HOLDINGS LTD;Consumer Defensive;2501.T;Japan,
SCREEN HOLDINGS LTD;Utilities;7735.T;Japan,
SECOM LTD;Consumer Discretionary;9735.T;Japan,
SEIKO EPSON CORP;Utilities;6724.T;Japan,
SEKISUI HOUSE LTD;Industrials;1928.T;Japan,
SEVEN & I HOLDINGS LTD;Consumer Discretionary;3382.T;Japan,
SHIMIZU CORP;Industrials;1803.T;Japan,
SHIN ETSU CHEMICAL LTD;Materials;4063.T;Japan,
SHINSEI BANK LTD;Financials;8303.T;Japan,
SHIONOGI LTD;Healthcare;4507.T;Japan,
SHISEIDO LTD;Materials;4911.T;Japan,
SHIZUOKA BANK LTD;Financials;8355.T;Japan,
SHOWA DENKO;Materials;4004.T;Japan,
SKY PERFECT JSAT HOLDINGS INC;Communication Services;9412.T;Japan,
SOFTBANK GROUP CORP;Communication Services;9984.T;Japan,
SOJITZ CORP;Consumer Discretionary;2768.T;Japan,
SOMPO HOLDINGS INC;Financials;8630.T;Japan,
SONY CORP;Utilities;6758.T;Japan,
SONY FINANCIAL HOLDINGS INC;Financials;SNYFY;Japan,
SUBARU CORP;Consumer Discretionary;7270.T;Japan,
SUMCO CORP;Materials;3436.T;Japan,
SUMITOMO CHEMICAL LTD;Materials;4005.T;Japan,
SUMITOMO CORP;Consumer Discretionary;8053.T;Japan,
SUMITOMO ELECTRIC INDUSTRIES LTD;Materials;5802.T;Japan,
SUMITOMO HEAVY INDUSTRIES LTD;Industrials;6302.T;Japan,
SUMITOMO METAL MINING LTD;Materials;5713.T;Japan,
SUMITOMO MITSUI FINANCIAL GROUP IN;Financials;8316.T;Japan,
SUMITOMO MITSUI TRUST HOLDINGS INC;Financials;8309.T;Japan,
SUMITOMO OSAKA CEMENT LTD;Consumer Discretionary;5232.T;Japan,
SUMITOMO REALTY & DEVELOPMENT LTD;Real Estate;8830.T;Japan,
SUZUKI MOTOR CORP;Consumer Discretionary;7269.T;Japan,
T&D HOLDINGS INC;Financials;8795.T;Japan,
TAIHEIYO CEMENT CORP;Consumer Discretionary;5233.T;Japan,
TAISEI CORP;Industrials;1801.T;Japan,
TAIYO YUDEN LTD;Utilities;6976.T;Japan,
TAKARA HOLDINGS INC;Consumer Defensive;2531.T;Japan,
TAKASHIMAYA LTD;Consumer Discretionary;8233.T;Japan,
TAKEDA PHARMACEUTICAL LTD;Healthcare;4502.T;Japan,
TDK CORP;Utilities;6762.T;Japan,
TEIJIN LTD;Consumer Discretionary;3401.T;Japan,
TERUMO CORP;Consumer Discretionary;4543.T;Japan,
TOBU RAILWAY LTD;Consumer Discretionary;9001.T;Japan,
TOHO (TOKYO) LTD;Communication Services;9602.T;Japan,
TOHO ZINC LTD;Materials;5707.T;Japan,
TOKAI CARBON LTD;Consumer Discretionary;5301.T;Japan,
TOKIO MARINE HOLDINGS INC;Financials;8766.T;Japan,
TOKUYAMA CORP;Materials;4043.T;Japan,
TOKYO ELECTRIC POWER HOLDINGS INC;Utilities;9501.T;Japan,
TOKYO ELECTRON LTD;Utilities;8035.T;Japan,
TOKYO GAS LTD;Utilities;9531.T;Japan,
TOKYO TATEMONO LTD;Real Estate;8804.T;Japan,
TOKYU CORP;Consumer Discretionary;9005.T;Japan,
TOKYU FUDOSAN HOLDINGS CORP;Real Estate;3289.T;Japan,
TOPPAN PRINTING LTD;Consumer Discretionary;7911.T;Japan,
TORAY INDUSTRIES INC;Consumer Discretionary;3402.T;Japan,
TOSOH CORP;Materials;4042.T;Japan,
TOTO LTD;Consumer Discretionary;5332.T;Japan,
TOYO SEIKAN GROUP HOLDINGS LTD;Materials;5901.T;Japan,
TOYOBO LTD;Consumer Discretionary;3101.T;Japan,
TOYOTA MOTOR CORP;Consumer Discretionary;7203.T;Japan,
TOYOTA TSUSHO CORP;Consumer Discretionary;8015.T;Japan,
TREND MICRO INC;Communication Services;4704.T;Japan,
UBE INDUSTRIES LTD;Materials;4208.T;Japan,
UNITIKA LTD;Consumer Discretionary;3103.T;Japan,
WEST JAPAN RAILWAY;Consumer Discretionary;9021.T;Japan,
YAMAHA CORP;Consumer Discretionary;7951.T;Japan,
YAMAHA MOTOR LTD;Consumer Discretionary;7272.T;Japan,
YAMATO HOLDINGS LTD;Consumer Discretionary;9064.T;Japan,
YASKAWA ELECTRIC CORP;Utilities;6506.T;Japan,
YOKOGAWA ELECTRIC CORP;Utilities;6841.T;Japan,
YOKOHAMA RUBBER LTD;Materials;5101.T;Japan,
Z HOLDINGS CORP;Communication Services;4689.T;Japan,
JSE Limited;Financials;JSE.JO;South Africa,
JSC Latvijas Gaze;Utilities;GZE1R.RG;Latvia,
A/S Latvijas Juras medicinas centrs;Healthcare;LJM1R.RG;Latvia,
AS Rigas Juvelierizstradajumu Rupnica;Consumer Discretionary;RJR1R.RG;Latvia,
AS Grindeks;Healthcare;GRD1R.RG;Latvia,
Joint stock company VEF;Real Estate;VEF1R.RG;Latvia,
AS Pata Saldus;Materials;SMA1R.RG;Latvia,
A/S Kurzemes Atslega 1;Consumer Discretionary;KA11R.RG;Latvia,
AS Siguldas Ciltslietu Un Maksligas Apseklosanas Stacija;Consumer Defensive;SCM1R.RG;Latvia,
Latvijas Balzams AS;Consumer Defensive;BAL1R.RG;Latvia,
AS Olainfarm;Healthcare;OLF1R.RG;Latvia,
AS Valmieras stikla skiedra;Consumer Discretionary;VSS1R.RG;Latvia,
AS Ditton Pievadkezu Rupnica;Consumer Discretionary;DPK1R.RG;Latvia,
Rigas Kugu Buvetava AS;Industrials;RKB1R.RG;Latvia,
AS Rigas Elektromasinbuves rupnica;Information Technology;RER1R.RG;Latvia,
Baltic Telekom AS;Financials;BTE1R.RG;Latvia,
AS VEF Radiotehnika RRR;Information Technology;RRR1R.RG;Latvia,
AS Rigas autoelektroaparatu rupnica;Real Estate;RAR1R.RG;Latvia,
A/S SAF Tehnika;Information Technology;SAF1R.RG;Latvia,
Amber Grid;Energy;AMG1L.VS;Lithuania,
Apranga;Consumer Discretionary;APG1L.VS;Lithuania,
AUGA group;Consumer Defensive;AUG1L.VS;Lithuania,
Grigeo;Materials;GRG1L.VS;Lithuania,
Invalda INVL;Financials;IVL1L.VS;Lithuania,
INVL Baltic Farmland;Real Estate;INL1L.VS;Lithuania,
INVL Baltic Real Estate;Real Estate;INR1L.VS;Lithuania,
INVL Technology;Financials;INC1L.VS;Lithuania,
Kauno energija;Utilities;KNR1L.VS;Lithuania,
Klaipėdos nafta;Energy;KNF1L.VS;Lithuania,
LITGRID;Utilities;LGD1L.VS;Lithuania,
Linas;Consumer Discretionary;LNS1L.VS;Lithuania,
Linas Agro Group;Consumer Defensive;LNA1L.VS;Lithuania,
Novaturas;Consumer Discretionary;NTU1L.VS;Lithuania,
Panevėžio statybos trestas;Industrials;PTR1L.VS;Lithuania,
Pieno žvaigždės;Consumer Defensive;PZV1L.VS;Lithuania,
Rokiškio sūris;Consumer Defensive;RSU1L.VS;Lithuania,
Šiaulių bankas;Financials;SAB1L.VS;Lithuania,
Snaigė;Information Technology;SNG1L.VS;Lithuania,
Telia Lietuva;Communication Services;TEL1L.VS;Lithuania,
Utenos trikotažas;Industrials;UTR1L.VS;Lithuania,
Vilkiškių pieninė;Consumer Defensive;VLP1L.VS;Lithuania,
Vilniaus baldai;Consumer Discretionary;VBL1L.VS;Lithuania,
Aperam ne;Materials;APAM.AS;Luxembourg,
Arcelor Mittal;Materials;MT;Luxembourg,
Brederode;Financials;BREB.BR;Luxembourg,
Reinet Investments;Financials;REINA.AS;Luxembourg,
RTL Group;Communication Services;RRTL.DE;Luxembourg,
SES;Consumer Discretionary;SESG.PA;Luxembourg,
AirAsia Berhad;Industrials;5099.KL;Malaysia,
Astino Berhad;Industrials;ATNO.KL;Malaysia,
Maxis Berhad;Consumer Discretionary;6012.KL;Malaysia,
Top Glove Corporation Berhad;Materials;TGLVY;Malaysia,
Tenaga Nasional Berhad;Energy;TNABY;Malaysia,
Evergreen Fibreboard Bhd;Materials;5101.KL;Malaysia,
Malayan Banking Berhad;Financials;MLYBY;Malaysia,
SapuraKencana Petroleum Berhad;Energy;5218.KL;Malaysia,
Datasonic Group Berhad;Information Technology;5216.KL;Malaysia,
Dayang Enterprise Holdings Berhad;Financials;5141.KL;Malaysia,
Nationwide Express Courier Services Berhad;Industrials;9806.KL;Malaysia,
EP Manufacturing Bhd;Industrials;EPMB.KL;Malaysia,
TH Heavy Engineering Berhad;Information Technology;7206.KL;Malaysia,
IGB Real Estate Investment Trust;Real Estate;5227.KL;Malaysia,
Sunway Real Estate Investment Trust;Real Estate;5176.KL;Malaysia,
FTSE Bursa Malaysia KLCI ETF;Financials;0820EA.KL;Malaysia,
MY E.G. SERVICES BHD;Consumer Discretionary;0138.KL;Malaysia,
FRONTKEN CORPORATION BHD;Industrials;0128.KL;Malaysia,
Gamuda Bhd;Industrials;GAMU.KL;Malaysia,
Genting Malaysia Berhad;Consumer Discretionary;GMALF;Malaysia,
Hibiscus Petroleum Berhad;Energy;5199.KL;Malaysia,
WCT Holdings Berhad;Financials;WCTE.KL;Malaysia,
Superlon Holdings Berhad;Financials;7235.KL;Malaysia,
ALFA;Materials;ALFAA.MX;Mexico,
América Móvil;Consumer Discretionary;AMXL.MX;Mexico,
Cemex;Materials;CEMEXCPO.MX;Mexico,
Grupo Elektra;Consumer Discretionary;ELEKTRA.MX;Mexico,
Fomento Económico Mexicano (FEMSA);Consumer Defensive;FEMSAUBD.MX;Mexico,
Grupo Financiero Banorte;Financials;GFNORTEO.MX;Mexico,
Grupo Televisa;Communication Services;TLEVISACPO.MX;Mexico,
Wal-Mart de México;Consumer Discretionary;WALMEX.MX;Mexico,
Aker;Financials;AKER.OL;Norway,
Aker BP;Energy;AKERBP.OL;Norway,
Bakkafrost;Consumer Defensive;BAKKA.OL;Norway,
BW LPG;Energy;BWLPG.OL;Norway,
BW Offshore;Energy;BWO.OL;Norway,
DNB;Financials;DNB.OL;Norway,
DNO;Energy;DNO.OL;Norway,
Entra;Real Estate;ENTRA.OL;Norway,
Equinor;Energy;EQNR.OL;Norway,
Frontline;Energy;FRO.OL;Norway,
Gjensidige Forsikring;Financials;GJF.OL;Norway,
Lerøy Seafood Group;Consumer Defensive;LSG.OL;Norway,
Mowi;Consumer Defensive;MOWI.OL;Norway,
NEL;Utilities;NEL.OL;Norway,
Norsk Hydro;Materials;NHY.OL;Norway,
Orkla;Consumer Defensive;ORK.OL;Norway,
SalMar;Consumer Defensive;SALM.OL;Norway,
Scatec Solar;Utilities;SSO.OL;Norway,
Schibsted;Communication Services;SCH.OL;Norway,
Storebrand;Financials;STB.OL;Norway,
Subsea 7;Energy;SUBC.OL;Norway,
Telenor;Consumer Discretionary;TEL.OL;Norway,
Tomra;Consumer Discretionary;TOM.OL;Norway,
TGS-NOPEC;Energy;TGS.OL;Norway,
Yara International;Industrials;YAR.OL;Norway,
ABN AMRO;Financials;ABN.AS;Netherlands,
Adyen;Financials;ADYEN.AS;Netherlands,
Aegon;Financials;AGN.AS;Netherlands,
Ahold Delhaize;Consumer Defensive;AD.AS;Netherlands,
AkzoNobel;Industrials;AKZA.AS;Netherlands,
ArcelorMittal;Materials;MT.AS;Netherlands,
ASM International;Materials;ASM.AS;Netherlands,
ASML Holding;Materials;ASML.AS;Netherlands,
ASR Nederland;Financials;ASRNL.AS;Netherlands,
DSM;Industrials;DSM.AS;Netherlands,
Galapagos;Information Technology;GLPG.AS;Netherlands,
Heineken;Consumer Discretionary;HEIA.AS;Netherlands,
IMCD;Industrials;IMCD.AS;Netherlands,
ING Group;Financials;INGA.AS;Netherlands,
Just Eat Takeaway;Consumer Discretionary;TKWY.AS;Netherlands,
KPN;Communication Services;KPN.AS;Netherlands,
NN Group;Financials;NN.AS;Netherlands,
Philips;Healthcare;PHIA.AS;Netherlands,
Prosus;Consumer Discretionary;PRX.AS;Netherlands,
Randstad;Industrials;RAND.AS;Netherlands,
RELX;Communication Services;REN.AS;Netherlands,
Royal Dutch Shell;Energy;RDSA.AS;Netherlands,
Unibail-Rodamco-Westfield;Consumer Discretionary;URW.AS;Netherlands,
Unilever;Consumer Defensive;UNA.AS;Netherlands,
Wolters Kluwer;Communication Services;WKL.AS;Netherlands,
Auckland International Airport Limited;Consumer Discretionary;AIA.NZ;New Zealand,
Air New Zealand Limited;Industrials;AIR.NZ;New Zealand,
Australia and New Zealand Banking Group Limited;Financials;ANZ.NZ;New Zealand,
Argosy Property Limited;Real Estate;ARG.NZ;New Zealand,
Arvida Group Limited;Healthcare;ARV.NZ;New Zealand,
The a2 Milk Company Limited;Consumer Defensive;ATM.NZ;New Zealand,
Contact Energy Limited;Utilities;CEN.NZ;New Zealand,
Chorus Limited;Communication Services;CNU.NZ;New Zealand,
Ebos Group Limited;Healthcare;EBO.NZ;New Zealand,
Fletcher Building Limited;Materials;FBU.NZ;New Zealand,
Fisher & Paykel Healthcare Corporation Limited;Healthcare;FPH.NZ;New Zealand,
Freightways Limited;Industrials;FRE.NZ;New Zealand,
Fonterra Shareholders' Fund;Consumer Defensive;FSF.NZ;New Zealand,
Goodman Property Trust;Real Estate;GMT.NZ;New Zealand,
Genesis Energy Limited;Utilities;GNE.NZ;New Zealand,
Gentrack Group Limited;Information Technology;GTK.NZ;New Zealand,
Heartland Group Holdings Limited;Financials;HGH.NZ;New Zealand,
Infratil Limited;Utilities;IFT.NZ;New Zealand,
Investore Property Limited;Consumer Discretionary;IPL.NZ;New Zealand,
Kathmandu Holdings Limited;Consumer Discretionary;KMD.NZ;New Zealand,
Kiwi Property Group Limited;Consumer Discretionary;KPG.NZ;New Zealand,
Mercury NZ Limited;Utilities;MCY.NZ;New Zealand,
Meridian Energy Limited;Utilities;MEL.NZ;New Zealand,
Metlifecare Limited;Healthcare;MET.NZ;New Zealand,
Mainfreight Limited;Industrials;MFT.NZ;New Zealand,
The New Zealand Refining Company Limited;Energy;NZR.NZ;New Zealand,
NZX Limited;Financials;NZX.NZ;New Zealand,
Oceania Healthcare Limited;Healthcare;OCA.NZ;New Zealand,
Precinct Properties New Zealand Limited;Real Estate;PCT.NZ;New Zealand,
Property for Industry Limited;Real Estate;PFI.NZ;New Zealand,
Port of Tauranga Limited;Consumer Discretionary;POT.NZ;New Zealand,
Pushpay Holdings Limited;Information Technology;PPH.NZ;New Zealand,
Restaurant Brands New Zealand Limited;Consumer Discretionary;RBD.NZ;New Zealand,
Ryman Healthcare Limited;Healthcare;RYM.NZ;New Zealand,
Sanford Limited;Consumer Defensive;SAN.NZ;New Zealand,
Scales Corporation Limited;Consumer Defensive;SCL.NZ;New Zealand,
SkyCity Entertainment Group Limited;Consumer Discretionary;SKC.NZ;New Zealand,
Skellerup Holdings Limited;Industrials;SKL.NZ;New Zealand,
Sky Network Television Limited;Information Technology;SKT.NZ;New Zealand,
Synlait Milk Limited;Consumer Defensive;SML.NZ;New Zealand,
Stride Property Ltd & Stride Investment Management Ltd;Real Estate;SPG.NZ;New Zealand,
Spark New Zealand Limited;Consumer Discretionary;SPK.NZ;New Zealand,
Summerset Group Holdings Limited;Healthcare;SUM.NZ;New Zealand,
Tourism Holdings Limited;Industrials;THL.NZ;New Zealand,
Trustpower Limited;Utilities;TPW.NZ;New Zealand,
Vector Limited;Utilities;VCT.NZ;New Zealand,
Vista Group International Limited;Information Technology;VGL.NZ;New Zealand,
Vital Healthcare Property Trust;Real Estate;VHP.NZ;New Zealand,
Westpac Banking Corporation;Financials;WBC.NZ;New Zealand,
Z Energy Limited;Energy;ZEL.NZ;New Zealand,
Compañía de Minas Buenaventura;Materials;BVN;Peru,
Credicorp;Financials;BAP;Peru,
Southern Copper Corp.;Materials;SCCO;Peru,
Altri;Consumer Discretionary;ALTR.LS;Portugal,
Banco Comercial Português;Financials;BCP.LS;Portugal,
Corticeira Amorim;Consumer Defensive;COR.LS;Portugal,
CTT Correios de Portugal;Consumer Discretionary;CTT.LS;Portugal,
EDP Renováveis;Utilities;EDPR.LS;Portugal,
Energias de Portugal;Utilities;EDP.LS;Portugal,
Galp Energia;Energy;GALP.LS;Portugal,
Ibersol;Consumer Discretionary;IBS.LS;Portugal,
Jerónimo Martins;Consumer Discretionary;JMT.LS;Portugal,
Mota-Engil;Materials;EGL.LS;Portugal,
NOS;Communication Services;NOS.LS;Portugal,
Novabase;Information Technology;NBA.LS;Portugal,
Pharol;Consumer Discretionary;PHR.LS;Portugal,
Redes Energéticas Nacionais;Utilities;RENE.LS;Portugal,
Semapa;Materials;SEM.LS;Portugal,
Sonae;Consumer Discretionary;SON.LS;Portugal,
Sonae Capital;Financials;SONC.LS;Portugal,
The Navigator Company;Materials;NVG.LS;Portugal,
Gulf Warehousing Company Q.P.S.C.;Industrials;GWCS.QA;Qatar,
Vodafone Qatar Q.S.C.;Consumer Discretionary;VFQS.QA;Qatar,
Qatar Oman Investment Company Q.S.C.;Financials;QOIS.QA;Qatar,
Qatar International Islamic Bank (Q.S.C);Financials;QIIK.QA;Qatar,
Qatar Fuel Company Q.S.C.;Energy;QFLS.QA;Qatar,
Mazaya Qatar Real Estate Development Q.S.C.;Real Estate;MRDS.QA;Qatar,
Masraf Al Rayan (Q.P.S.C.);Financials;MARK.QA;Qatar,
Industries Qatar Q.S.C.;Materials;IQCD.QA;Qatar,
Ezdan Holding Group Q.S.C.;Real Estate;ERES.QA;Qatar,
Doha Insurance Company Q.S.C.;Financials;DOHI.QA;Qatar,
Barwa Real Estate Company;Real Estate;BRES.QA;Qatar,
Qatar General Insurance & Reinsurance Company PJSC;Financials;QGRI.QA;Qatar,
Al Meera Consumer Goods Company Q.S.C.;Consumer Discretionary;MERS.QA;Qatar,
Qatar National Cement Company (Q.S.C.);Materials;QNCD.QA;Qatar,
Dlala Brokerage and Investment Holding Company (Q.P.S.C);Financials;DBIS.QA;Qatar,
Qatari German Company for Medical Devices Q.S.C.;Healthcare;QGMD.QA;Qatar,
Qatar Insurance Company S.A.Q.;Financials;QATI.QA;Qatar,
Al Khaleej Takaful Group (Q.P.S.C.);Financials;AKHI.QA;Qatar,
Ahli Bank Q.S.C.;Financials;ABQK.QA;Qatar,
Widam Food Company Q.S.C.;Consumer Defensive;WDAM.QA;Qatar,
Qatari Investors Group Q.S.C.;Materials;QIGD.QA;Qatar,
Aamal Company Q.P.S.C.;Industrials;AHCS.QA;Qatar,
Gulf International Services Q.S.C.;Energy;GISS.QA;Qatar,
Medicare Group Q.S.C.;Healthcare;MCGS.QA;Qatar,
Qatar Industrial Manufacturing Company Q.P.S.C.;Industrials;QIMD.QA;Qatar,
Qatar Gas Transport Company Limited (Nakilat) Q.S.C.;Industrials;QGTS.QA;Qatar,
Doha Bank Q.S.C.;Financials;DHBK.QA;Qatar,
Qatar Islamic Insurance Company Q.S.C;Financials;QISI.QA;Qatar,
Qatar Navigation Q.P.S.C.;Industrials;QNNS.QA;Qatar,
The Commercial Bank (P.S.Q.C.);Financials;CBQK.QA;Qatar,
Qatar Cinema and Film Distribution Company (Q.P.S.C);Consumer Discretionary;QCFS.QA;Qatar,
Islamic Holding Group (Q.S.C.);Financials;IHGS.QA;Qatar,
Alijarah Holding (Q.P.S.C);Real Estate;NLCS.QA;Qatar,
Ooredoo Q.P.S.C.;Consumer Discretionary;ORDS.QA;Qatar,
Qatar Electricity and Water Company Q.S.C.;Utilities;QEWS.QA;Qatar,
United Development Company Q.P.S.C.;Real Estate;UDCD.QA;Qatar,
Qatar Islamic Bank (Q.P.S.C.);Financials;QIBK.QA;Qatar,
Salam International Investment Limited Q.P.S.C.;Industrials;SIIS.QA;Qatar,
Qatar National Bank S.A.Q.;Financials;QNBK.QA;Qatar,
Mesaieed Petrochemical Holding Company Q.S.C.;Materials;MPHC.QA;Qatar,
Al Khalij Commercial Bank (al khaliji) P.Q.S.C.;Financials;KCBK.QA;Qatar,
Mannai Corporation Q.P.S.C.;Information Technology;MCCS.QA;Qatar,
Zad Holding Company Q.S.C.;Consumer Defensive;ZHCD.QA;Qatar,
Banca Transilvania S.A.;Financials;0DP9.IL;Romania,
S.N.G.N. Romgaz S.A.;Energy;RZ8G.F;Romania,
AFK Sistema;Materials;AFKS.ME;Russia,
Aeroflot;Consumer Discretionary;AFLT.ME;Russia,
Rosagro;Industrials;AGRO.ME;Russia,
Acron;Materials;AKRN.ME;Russia,
Lenta;Consumer Discretionary;LNTA.ME;Russia,
Credit Bank of Moscow;Financials;CBOM.ME;Russia,
Detsky Mir;Consumer Discretionary;DSKY.ME;Russia,
SeverStal;Materials;CHMF.ME;Russia,
DIXY;Consumer Discretionary;DIXY.ME;Russia,
FGC UES;Utilities;FEES.ME;Russia,
Gazprom;Energy;GAZP.ME;Russia,
Norilsk Nickel;Materials;GMKN.ME;Russia,
RusHydro;Energy;HYDR.ME;Russia,
Inter RAO;Energy;IRAO.ME;Russia,
Lukoil;Energy;LKOH.ME;Russia,
LSR Group;Real Estate;LSRG.ME;Russia,
Magnitogorsk Iron and Steel Works;Materials;MAGN.ME;Russia,
MegaFon;Communication Services;MFON.ME;Russia,
OJSC Magnit;Consumer Discretionary;MGNT.ME;Russia,
Moscow Exchange;Financials;MOEX.ME;Russia,
Mosenergo;Energy;MSNG.ME;Russia,
Mechel;Materials;MTLR.ME;Russia,
Alrosa;Materials;ALRS.ME;Russia,
Mobile TeleSystems;Communication Services;MTSS.ME;Russia,
M.video;Consumer Discretionary;MVID.ME;Russia,
Novolipetsk Steel;Materials;NLMK.ME;Russia,
Novorossiysk Commercial Sea Port;Consumer Discretionary;NMTP.ME;Russia,
Novatek;Energy;NVTK.ME;Russia,
PhosAgro;Materials;PHOR.ME;Russia,
PIK Group;Real Estate;PIKK.ME;Russia,
Polyus Gold;Materials;PLZL.ME;Russia,
Polymetal International;Materials;POLY.ME;Russia,
Rosneft;Energy;ROSN.ME;Russia,
Rosseti;Utilities;RSTI.ME;Russia,
Rostelecom;Communication Services;RTKM.ME;Russia,
Rusal;Materials;RUAL.ME;Russia,
Sberbank;Financials;SBER.ME;Russia,
Sberbank;Financials;SBERP.ME;Russia,
Surgutneftegas;Energy;SNGS.ME;Russia,
Surgutneftegas;Energy;SNGSP.ME;Russia,
Tatneft;Energy;TATN.ME;Russia,
Tatneft;Energy;TATNP.ME;Russia,
OAO TMK;Materials;TRMK.ME;Russia,
Transneft;Energy;TRNFP.ME;Russia,
Unipro;Utilities;UPRO.ME;Russia,
Russneft;Energy;RNFT.ME;Russia,
United Wagon Company;Industrials;UWGN.ME;Russia,
VTB Bank;Financials;VTBR.ME;Russia,
Yandex;Communication Services;YNDX.ME;Russia,
Skanska AB (publ);Industrials;SKA-B.ST;Sweden,
Sandvik AB;Industrials;SAND.ST;Sweden,
Swedish Match AB (publ);Consumer Defensive;SWMA.ST;Sweden,
AB SKF (publ);Industrials;SKF-B.ST;Sweden,
Autoliv Inc.;Consumer Discretionary;ALIV-SDB.ST;Sweden,
Swedbank AB (publ);Financials;SWED-A.ST;Sweden,
AB Electrolux (publ);Information Technology;ELUX-B.ST;Sweden,
ABB Ltd;Industrials;ABB.ST;Sweden,
ASSA ABLOY AB (publ);Industrials;ASSA-B.ST;Sweden,
AstraZeneca PLC;Healthcare;AZN.ST;Sweden,
Hexagon AB (publ);Information Technology;HEXA-B.ST;Sweden,
Tele2 AB (publ);Communication Services;TEL2-B.ST;Sweden,
Boliden AB (publ);Financials;BOL.ST;Sweden,
Atlas Copco AB;Industrials;ATCO-B.ST;Sweden,
Investor AB (publ);Financials;INVE-B.ST;Sweden,
Nordea Bank Abp;Financials;NDA-SE.ST;Sweden,
Atlas Copco AB;Industrials;ATCO-A.ST;Sweden,
AB Volvo (publ);Industrials;VOLV-B.ST;Sweden,
Getinge AB;Healthcare;GETI-B.ST;Sweden,
Svenska Handelsbanken AB (publ);Industrials;SHB-A.ST;Sweden,
Svenska Cellulosa Aktiebolaget SCA (publ);Industrials;SCA-B.ST;Sweden,
Securitas AB;Financials;SECU-B.ST;Sweden,
H & M Hennes & Mauritz AB (publ);Consumer Discretionary;HM-B.ST;Sweden,
Kinnevik AB;Financials;KINV-B.ST;Sweden,
Alfa Laval AB (publ);Industrials;ALFA.ST;Sweden,
Telefonaktiebolaget LM Ericsson (publ);Information Technology;ERIC-B.ST;Sweden,
Telia Company AB (publ);Consumer Discretionary;TELIA.ST;Sweden,
Skandinaviska Enskilda Banken AB (publ.);Financials;SEB-A.ST;Sweden,
SSAB AB (publ);Materials;SSAB-A.ST;Sweden,
Essity AB (publ);Healthcare;ESSITY-B.ST;Sweden,
Nestlé;Consumer Defensive;NESN.SW;Switzerland,
Novartis;Healthcare;NOVN.SW;Switzerland,
Hoffmann-La Roche;Healthcare;ROG.SW;Switzerland,
Zurich Insurance Group;Financials;ZURN.SW;Switzerland,
ABB;Utilities;ABBN.SW;Switzerland,
UBS;Financials;UBSG.SW;Switzerland,
Lonza;Industrials;LONN.SW;Switzerland,
Givaudan;Industrials;GIVN.SW;Switzerland,
Richemont;Consumer Discretionary;CFR.SW;Switzerland,
Sika;Industrials;SIKA.SW;Switzerland,
LafargeHolcim;Materials;LHN.SW;Switzerland,
Swisscom;Consumer Discretionary;SCMN.SW;Switzerland,
Alcon;Healthcare;ALC.SW;Switzerland,
Credit Suisse;Financials;CSGN.SW;Switzerland,
Partners Group;Consumer Discretionary;PGHN.SW;Switzerland,
Swiss Re;Financials;SREN.SW;Switzerland,
Geberit;Industrials;GEBN.SW;Switzerland,
SGS;Consumer Discretionary;SGSN.SW;Switzerland,
Swiss Life Holding;Financials;SLHN.SW;Switzerland,
Swatch Group;Consumer Discretionary;UHR.SW;Switzerland,
Vanachai Group Public Company Limited;Materials;VNG.BK;Thailand,
Thoresen Thai Agencies Public Company Limited;Industrials;TTA.BK;Thailand,
Precious Shipping Public Company Limited;Industrials;PSL.BK;Thailand,
The Siam Cement Public Company Limited;Materials;SCC.BK;Thailand,
Bangkok Bank Public Company Limited;Financials;BBL.BK;Thailand,
Selçuk Ecza Deposu Ticaret ve Sanayi A.S.;Healthcare;SELEC.IS;Turkey,
Pergamon-Status Dis Ticaret A.S.;Industrials;PSDTC.IS;Turkey,
Global Menkul Degerler Anonim Sirketi;Financials;GLBMD.IS;Turkey,
Eregli Demir ve Çelik Fabrikalari T.A.S.;Materials;EREGL.IS;Turkey,
Türk Hava Yollari Anonim Ortakligi;Industrials;THYAO.IS;Turkey,
Turkiye Sinai Kalkinma Bankasi A.S.;Financials;TSKB.IS;Turkey,
Türk Prysmian Kablo ve Sistemleri Anonim Sirketi;Industrials;PRKAB.IS;Turkey,
Kordsa Global Endüstriyel Iplik ve Kord Bezi Sanayi ve Ticaret A.S.;Consumer Discretionary;KORDS.IS;Turkey,
Kartonsan Karton Sanayi ve Ticaret Anonim Sirketi;Consumer Discretionary;KARTN.IS;Turkey,
Enka Insaat ve Sanayi A.S.;Industrials;ENKAI.IS;Turkey,
Adel Kalemcilik Ticaret ve Sanayi A.S.;Industrials;ADEL.IS;Turkey,
Vakif Finansal Kiralama A.S.;Industrials;VAKFN.IS;Turkey,
Karsu Tekstil Sanayii ve Ticaret A.S.;Consumer Discretionary;KRTEK.IS;Turkey,
Marti Otel Isletmeleri A.S.;Consumer Discretionary;MARTI.IS;Turkey,
Sanko Pazarlama Ithalat Ihracat Anonim Sirketi;Consumer Discretionary;SANKO.IS;Turkey,
Pinar Su Sanayi ve Ticaret A.S.;Consumer Defensive;PINSU.IS;Turkey,
Ata Gayrimenkul Yatirim Ortakligi Anonim Sirketi;Real Estate;ATAGY.IS;Turkey,
Oylum Sinai Yatirimlar Anonim Sirketi;Consumer Defensive;OYLUM.IS;Turkey,
Odas Elektrik Üretim Sanayi Ticaret A.S.;Utilities;ODAS.IS;Turkey,
Is Yatirim Ortakligi A.S.;Financials;ISYAT.IS;Turkey,
Ford Otomotiv Sanayi A.S.;Consumer Discretionary;FROTO.IS;Turkey,
Euro Trend Yatirim Ortakligi Anonim Sirketi;Financials;ETYAT.IS;Turkey,
Alarko Gayrimenkul Yatirim Ortakligi A.S.;Real Estate;ALGYO.IS;Turkey,
Akis Gayrimenkul Yatirim Ortakligi A.S.;Real Estate;AKSGY.IS;Turkey,
Metemtur Otelcilik ve Turizm Isletmeleri A.S.;Consumer Discretionary;METUR.IS;Turkey,
Ozderici Gayrimenkul Yatirim Ortakligi A.S.;Real Estate;OZGYO.IS;Turkey,
Olmuksan International Paper Ambalaj Sanayi ve Ticaret A.S.;Consumer Discretionary;OLMIP.IS;Turkey,
Yapi Kredi Koray Gayrimenkul Yatirim Ortakligi A.S.;Real Estate;YKGYO.IS;Turkey,
Türkiye Petrol Rafinerileri A.S.;Energy;TUPRS.IS;Turkey,
Yaprak Süt ve Besi Çiftlikleri Sanayi ve Ticaret A.S.;Consumer Defensive;YAPRK.IS;Turkey,
Hürriyet Gazetecilik ve Matbaacilik A.S.;Consumer Discretionary;HURGZ.IS;Turkey,
Ege Seramik Sanayi ve Ticaret A.S.;Industrials;EGSER.IS;Turkey,
Ege Profil Ticaret ve Sanayi Anonim Sirketi;Industrials;EGPRO.IS;Turkey,
Edip Gayrimenkul Yatirim Sanayi ve Ticaret AS;Real Estate;EDIP.IS;Turkey,
Çimsa Çimento Sanayi ve Ticaret Anonim Sirketi;Materials;CIMSA.IS;Turkey,
Borusan Mannesmann Boru Sanayi ve Ticaret A.S.;Materials;BRSAN.IS;Turkey,
Akçansa Çimento Sanayi ve Ticaret A.S.;Materials;AKCNS.IS;Turkey,
Çemtas Çelik Makina Sanayi ve Ticaret A.S.;Materials;CEMTS.IS;Turkey,
Karsan Otomotiv Sanayii ve Ticaret A.S.;Consumer Discretionary;KARSN.IS;Turkey,
Tümosan Motor ve Traktör Sanayi A.S.;Industrials;TMSN.IS;Turkey,
Milpa Ticari ve Sinai Ürünler Pazarlama Sanayi ve Ticaret A.S.;Industrials;MIPAZ.IS;Turkey,
Pinar Entegre Et ve Un Sanayii A.S.;Consumer Defensive;PETUN.IS;Turkey,
Türk Traktör ve Ziraat Makineleri A.S.;Industrials;TTRAK.IS;Turkey,
Galatasaray Sportif Sinai ve Ticari Yatirimlar A.S.;Consumer Discretionary;GSRAY.IS;Turkey,
San-El Muhendislik Elektrik Taahhut Sanayi ve Ticaret A.S.;Industrials;SANEL.IS;Turkey,
Saray Matbaacilik Kagitçilik kirtasiyecilik Ticaret Ve Sanayi A.S.;Industrials;SAMAT.IS;Turkey,
Intema Insaat ve Tesisat Malzemeleri Yatirim ve Pazarlama A.S;Consumer Discretionary;INTEM.IS;Turkey,
Aselsan Elektronik Sanayi ve Ticaret Anonim Sirketi;Industrials;ASELS.IS;Turkey,
EIS Eczacibasi IlaçSinai ve Finansal Yatirimlar Sanayi ve Ticaret A.S.;Healthcare;ECILC.IS;Turkey, 
Federal - Mogul Izmit Piston Ve Pim Uretim Tesisleri A.S.;Consumer Discretionary;FMIZP.IS;Turkey,
Is Girisim Sermayesi Yatirim Ortakligi AS;Materials;ISGSY.IS;Turkey,
3i;Financials;III.L;United Kingdom,
Admiral Group;Financials;ADM.L;United Kingdom,
Anglo American plc;Materials;AAL.L;United Kingdom,
Antofagasta;Materials;ANTO.L;United Kingdom,
Ashtead Group;Consumer Discretionary;AHT.L;United Kingdom,
Associated British Foods;Consumer Defensive;ABF.L;United Kingdom,
AstraZeneca;Information Technology;AZN.L;United Kingdom,
Auto Trader Group;Communication Services;AUTO.L;United Kingdom,
Avast;Information Technology;AVST.L;United Kingdom,
Aveva;Information Technology;AVV.L;United Kingdom,
Aviva;Financials;AV.L;United Kingdom,
B&M;Consumer Discretionary;BME.L;United Kingdom,
BAE Systems;Industrials;BA.L;United Kingdom,
Barclays;Financials;BARC.L;United Kingdom,
Barratt Developments;Consumer Discretionary;BDEV.L;United Kingdom,
Berkeley Group Holdings;Consumer Discretionary;BKG.L;United Kingdom,
BHP;Materials;BHP.L;United Kingdom,
BP;Energy;BP.L;United Kingdom,
British American Tobacco;Consumer Defensive;BATS.L;United Kingdom,
British Land;Financials;BLND.L;United Kingdom,
BT Group;Communication Services;BT-A.L;United Kingdom,
Bunzl;Consumer Discretionary;BNZL.L;United Kingdom,
Burberry;Consumer Defensive;BRBY.L;United Kingdom,
Coca-Cola HBC;Consumer Defensive;CCH.L;United Kingdom,
Compass Group;Consumer Discretionary;CPG.L;United Kingdom,
CRH plc;Materials;CRH.L;United Kingdom,
Croda International;Materials;CRDA.L;United Kingdom,
DCC plc;Consumer Discretionary;DCC.L;United Kingdom,
Diageo;Consumer Defensive;DGE.L;United Kingdom,
Evraz;Materials;EVR.L;United Kingdom,
Experian;Consumer Discretionary;EXPN.L;United Kingdom,
Ferguson plc;Consumer Discretionary;FERG.L;United Kingdom,
Flutter Entertainment;Consumer Discretionary;FLTR.L;United Kingdom,
Fresnillo;Materials;FRES.L;United Kingdom,
GlaxoSmithKline;Information Technology;GSK.L;United Kingdom,
Glencore;Materials;GLEN.L;United Kingdom,
GVC Holdings;Consumer Discretionary;GVC.L;United Kingdom,
Halma;Utilities;HLMA.L;United Kingdom,
Hargreaves Lansdown;Financials;HL.L;United Kingdom,
Hikma Pharmaceuticals;Information Technology;HIK.L;United Kingdom,
Homeserve;Consumer Discretionary;HSV.L;United Kingdom,
HSBC;Financials;HSBA.L;United Kingdom,
Imperial Brands;Consumer Defensive;IMB.L;United Kingdom,
Informa;Communication Services;INF.L;United Kingdom,
InterContinental Hotels Group;Consumer Discretionary;IHG.L;United Kingdom,
Intermediate Capital Group;Financials;ICP.L;United Kingdom,
International Airlines Group;Consumer Discretionary;IAG.L;United Kingdom,
Intertek;Consumer Discretionary;ITRK.L;United Kingdom,
JD Sports;Consumer Discretionary;JD.L;United Kingdom,
Johnson Matthey;Materials;JMAT.L;United Kingdom,
Just Eat Takeaway;Information Technology;JET.L;United Kingdom,
Kingfisher;Consumer Discretionary;KGF.L;United Kingdom,
Land Securities;Financials;LAND.L;United Kingdom,
Legal & General;Financials;LGEN.L;United Kingdom,
Lloyds Banking Group;Financials;LLOY.L;United Kingdom,
London Stock Exchange Group;Financials;LSE.L;United Kingdom,
M&G;Financials;MNG.L;United Kingdom,
Melrose Industries;Consumer Discretionary;MRO.L;United Kingdom,
Mondi;Materials;MNDI.L;United Kingdom,
Morrisons;Consumer Defensive;MRW.L;United Kingdom,
National Grid plc;Consumer Defensive;NG.L;United Kingdom,
NatWest Group;Financials;NWG.L;United Kingdom,
Next plc;Consumer Discretionary;NXT.L;United Kingdom,
Ocado;Consumer Defensive;OCDO.L;United Kingdom,
Pearson plc;Communication Services;PSON.L;United Kingdom,
Pennon Group;Consumer Defensive;PNN.L;United Kingdom,
Persimmon plc;Consumer Discretionary;PSN.L;United Kingdom,
Phoenix Group;Financials;PHNX.L;United Kingdom,
Polymetal International;Materials;POLY.L;United Kingdom,
Prudential plc;Financials;PRU.L;United Kingdom,
Reckitt Benckiser;Consumer Discretionary;RB.L;United Kingdom,
RELX;Communication Services;REL.L;United Kingdom,
Rentokil Initial;Consumer Discretionary;RTO.L;United Kingdom,
Rio Tinto;Materials;RIO.L;United Kingdom,
Rightmove;Communication Services;RMV.L;United Kingdom,
Rolls-Royce Holdings;Industrials;RR.L;United Kingdom,
Royal Dutch Shell;Energy;RDSA.L;United Kingdom,
RSA Insurance Group;Financials;RSA.L;United Kingdom,
Sage Group;Information Technology;SGE.L;United Kingdom,
Sainsbury's;Consumer Defensive;SBRY.L;United Kingdom,
Schroders;Financials;SDR.L;United Kingdom,
Scottish Mortgage Investment Trust;Financials;SMT.L;United Kingdom,
Segro;Financials;SGRO.L;United Kingdom,
Severn Trent;Consumer Defensive;SVT.L;United Kingdom,
Smith & Nephew;Consumer Discretionary;SN.L;United Kingdom,
DS Smith;Industrials;SMDS.L;United Kingdom,
Smiths Group;Industrials;SMIN.L;United Kingdom,
Smurfit Kappa;Industrials;SKG.L;United Kingdom,
Spirax-Sarco Engineering;Industrials;SPX.L;United Kingdom,
SSE plc;Utilities;SSE.L;United Kingdom,
Standard Chartered;Financials;STAN.L;United Kingdom,
Standard Life Aberdeen;Financials;SLA.L;United Kingdom,
St. James's Place plc;Financials;STJ.L;United Kingdom,
Taylor Wimpey;Consumer Discretionary;TW.L;United Kingdom,
Tesco;Consumer Defensive;TSCO.L;United Kingdom,
Unilever;Consumer Defensive;ULVR.L;United Kingdom,
United Utilities;Consumer Defensive;UU.L;United Kingdom,
Vodafone Group;Communication Services;VOD.L;United Kingdom,
Whitbread;Consumer Discretionary;WTB.L;United Kingdom,
WPP plc;Communication Services;WPP.L;United Kingdom,
3M Company;Industrials;MMM;United States,
A.O. Smith Corp;Industrials;AOS;United States,
Abbott Laboratories;Healthcare;ABT;United States,
AbbVie Inc.;Healthcare;ABBV;United States,
ABIOMED Inc;Healthcare;ABMD;United States,
Accenture plc;Information Technology;ACN;United States,
Activision Blizzard;Consumer Discretionary;ATVI;United States,
Adobe Inc.;Information Technology;ADBE;United States,
Advance Auto Parts;Consumer Discretionary;AAP;United States,
Advanced Micro Devices Inc;Information Technology;AMD;United States,
AES Corp;Utilities;AES;United States,
AFLAC Inc;Financials;AFL;United States,
Agilent Technologies Inc;Healthcare;A;United States,
Air Products & Chemicals Inc;Materials;APD;United States,
Akamai Technologies Inc;Information Technology;AKAM;United States,
Alaska Air Group Inc;Industrials;ALK;United States,
Albemarle Corp;Materials;ALB;United States,
Alexandria Real Estate Equities;Real Estate;ARE;United States,
Alexion Pharmaceuticals;Healthcare;ALXN;United States,
Align Technology;Healthcare;ALGN;United States,
Allegion;Industrials;ALLE;United States,
Alliant Energy Corp;Utilities;LNT;United States,
Allstate Corp;Financials;ALL;United States,
Alphabet Inc. (Class A);Consumer Discretionary;GOOGL;United States,
Alphabet Inc. (Class C);Consumer Discretionary;GOOG;United States,
Altria Group Inc;Consumer Defensive;MO;United States,
Amazon.com Inc.;Consumer Discretionary;AMZN;United States,
Amcor plc;Materials;AMCR;United States,
Ameren Corp;Utilities;AEE;United States,
American Airlines Group;Industrials;AAL;United States,
American Electric Power;Utilities;AEP;United States,
American Express Co;Financials;AXP;United States,
American International Group;Financials;AIG;United States,
American Tower Corp.;Real Estate;AMT;United States,
American Water Works Company Inc;Utilities;AWK;United States,
Ameriprise Financial;Financials;AMP;United States,
AmerisourceBergen Corp;Healthcare;ABC;United States,
AMETEK Inc.;Industrials;AME;United States,
Amgen Inc.;Healthcare;AMGN;United States,
Amphenol Corp;Information Technology;APH;United States,
Analog Devices Inc.;Information Technology;ADI;United States,
ANSYS;Information Technology;ANSS;United States,
Anthem;Healthcare;ANTM;United States,
Aon plc;Financials;AON;United States,
Apache Corporation;Energy;APA;United States,
Apartment Investment & Management;Real Estate;AIV;United States,
Apple Inc.;Information Technology;AAPL;United States,
Applied Materials Inc.;Information Technology;AMAT;United States,
Aptiv PLC;Consumer Discretionary;APTV;United States,
Archer-Daniels-Midland Co;Consumer Defensive;ADM;United States,
Arista Networks;Information Technology;ANET;United States,
Arthur J. Gallagher & Co.;Financials;AJG;United States,
Assurant;Financials;AIZ;United States,
AT&T Inc.;Consumer Discretionary;T;United States,
Atmos Energy;Utilities;ATO;United States,
Autodesk Inc.;Information Technology;ADSK;United States,
Automatic Data Processing;Information Technology;ADP;United States,
AutoZone Inc;Consumer Discretionary;AZO;United States,
AvalonBay Communities;Real Estate;AVB;United States,
Avery Dennison Corp;Materials;AVY;United States,
Baker Hughes Co;Energy;BKR;United States,
Ball Corp;Materials;BLL;United States,
Bank of America Corp;Financials;BAC;United States,
Baxter International Inc.;Healthcare;BAX;United States,
Becton Dickinson;Healthcare;BDX;United States,
Berkshire Hathaway;Financials;BRK-B;United States,
Best Buy Co. Inc.;Consumer Discretionary;BBY;United States,
Bio-Rad Laboratories;Healthcare;BIO;United States,
Biogen Inc.;Healthcare;BIIB;United States,
BlackRock;Financials;BLK;United States,
Boeing Company;Industrials;BA;United States,
Booking Holdings Inc;Consumer Discretionary;BKNG;United States,
BorgWarner;Consumer Discretionary;BWA;United States,
Boston Properties;Real Estate;BXP;United States,
Boston Scientific;Healthcare;BSX;United States,
Bristol-Myers Squibb;Healthcare;BMY;United States,
Broadcom Inc.;Information Technology;AVGO;United States,
Broadridge Financial Solutions;Information Technology;BR;United States,
Brown-Forman Corp.;Consumer Defensive;BF-B;United States,
C. H. Robinson Worldwide;Industrials;CHRW;United States,
Cabot Oil & Gas;Energy;COG;United States,
Cadence Design Systems;Information Technology;CDNS;United States,
Campbell Soup;Consumer Defensive;CPB;United States,
Capital One Financial;Financials;COF;United States,
Cardinal Health Inc.;Healthcare;CAH;United States,
Carmax Inc;Consumer Discretionary;KMX;United States,
Carnival Corp.;Consumer Discretionary;CCL;United States,
Carrier Global;Industrials;CARR;United States,
Caterpillar Inc.;Industrials;CAT;United States,
Cboe Global Markets;Financials;CBOE;United States,
CBRE Group;Real Estate;CBRE;United States,
CDW;Information Technology;CDW;United States,
Celanese;Materials;CE;United States,
Centene Corporation;Healthcare;CNC;United States,
CenterPoint Energy;Utilities;CNP;United States,
CenturyLink Inc;Consumer Discretionary;CTL;United States,
Cerner;Healthcare;CERN;United States,
CF Industries Holdings Inc;Materials;CF;United States,
Charles Schwab Corporation;Financials;SCHW;United States,
Charter Communications;Consumer Discretionary;CHTR;United States,
Chevron Corp.;Energy;CVX;United States,
Chipotle Mexican Grill;Consumer Discretionary;CMG;United States,
Chubb Limited;Financials;CB;United States,
Church & Dwight;Consumer Defensive;CHD;United States,
CIGNA Corp.;Healthcare;CI;United States,
Cincinnati Financial;Financials;CINF;United States,
Cintas Corporation;Industrials;CTAS;United States,
Cisco Systems;Information Technology;CSCO;United States,
Citigroup Inc.;Financials;C;United States,
Citizens Financial Group;Financials;CFG;United States,
Citrix Systems;Information Technology;CTXS;United States,
CME Group Inc.;Financials;CME;United States,
CMS Energy;Utilities;CMS;United States,
Coca-Cola Company;Consumer Defensive;KO;United States,
Cognizant Technology Solutions;Information Technology;CTSH;United States,
Colgate-Palmolive;Consumer Defensive;CL;United States,
Comcast Corp.;Consumer Discretionary;CMCSA;United States,
Comerica Inc.;Financials;CMA;United States,
Conagra Brands;Consumer Defensive;CAG;United States,
Concho Resources;Energy;CXO;United States,
ConocoPhillips;Energy;COP;United States,
Consolidated Edison;Utilities;ED;United States,
Constellation Brands;Consumer Defensive;STZ;United States,
Copart Inc;Industrials;CPRT;United States,
Corning Inc.;Information Technology;GLW;United States,
Corteva;Materials;CTVA;United States,
Costco Wholesale Corp.;Consumer Defensive;COST;United States,
Coty Inc;Consumer Defensive;COTY;United States,
Crown Castle International Corp.;Real Estate;CCI;United States,
CSX Corp.;Industrials;CSX;United States,
Cummins Inc.;Industrials;CMI;United States,
CVS Health;Healthcare;CVS;United States,
D. R. Horton;Consumer Discretionary;DHI;United States,
Danaher Corp.;Healthcare;DHR;United States,
Darden Restaurants;Consumer Discretionary;DRI;United States,
DaVita Inc.;Healthcare;DVA;United States,
Deere & Co.;Industrials;DE;United States,
Delta Air Lines Inc.;Industrials;DAL;United States,
Dentsply Sirona;Healthcare;XRAY;United States,
Devon Energy;Energy;DVN;United States,
DexCom;Healthcare;DXCM;United States,
Diamondback Energy;Energy;FANG;United States,
Digital Realty Trust Inc;Real Estate;DLR;United States,
Discover Financial Services;Financials;DFS;United States,
Discovery Inc. (Class A);Consumer Discretionary;DISCA;United States,
Discovery Inc. (Class C);Consumer Discretionary;DISCK;United States,
Dish Network;Consumer Discretionary;DISH;United States,
Dollar General;Consumer Discretionary;DG;United States,
Dollar Tree;Consumer Discretionary;DLTR;United States,
Dominion Energy;Utilities;D;United States,
Domino's Pizza;Consumer Discretionary;DPZ;United States,
Dover Corporation;Industrials;DOV;United States,
Dow Inc.;Materials;DOW;United States,
DTE Energy Co.;Utilities;DTE;United States,
Duke Energy;Utilities;DUK;United States,
Duke Realty Corp;Real Estate;DRE;United States,
DuPont de Nemours Inc;Materials;DD;United States,
DXC Technology;Information Technology;DXC;United States,
E*Trade;Financials;ETFC;United States,
Eastman Chemical;Materials;EMN;United States,
Eaton Corporation;Industrials;ETN;United States,
eBay Inc.;Consumer Discretionary;EBAY;United States,
Ecolab Inc.;Materials;ECL;United States,
Edison Int'l;Utilities;EIX;United States,
Edwards Lifesciences;Healthcare;EW;United States,
Electronic Arts;Consumer Discretionary;EA;United States,
Emerson Electric Company;Industrials;EMR;United States,
Entergy Corp.;Utilities;ETR;United States,
EOG Resources;Energy;EOG;United States,
Equifax Inc.;Industrials;EFX;United States,
Equinix;Real Estate;EQIX;United States,
Equity Residential;Real Estate;EQR;United States,
Essex Property Trust Inc.;Real Estate;ESS;United States,
Estée Lauder Companies;Consumer Defensive;EL;United States,
Everest Re Group Ltd.;Financials;RE;United States,
Evergy;Utilities;EVRG;United States,
Eversource Energy;Utilities;ES;United States,
Exelon Corp.;Utilities;EXC;United States,
Expedia Group;Consumer Discretionary;EXPE;United States,
Expeditors;Industrials;EXPD;United States,
Extra Space Storage;Real Estate;EXR;United States,
Exxon Mobil Corp.;Energy;XOM;United States,
F5 Networks;Information Technology;FFIV;United States,
Facebook Inc.;Consumer Discretionary;FB;United States,
Fastenal Co;Industrials;FAST;United States,
Federal Realty Investment Trust;Real Estate;FRT;United States,
FedEx Corporation;Industrials;FDX;United States,
Fidelity National Information Services;Information Technology;FIS;United States,
Fifth Third Bancorp;Financials;FITB;United States,
First Republic Bank;Financials;FRC;United States,
FirstEnergy Corp;Utilities;FE;United States,
Fiserv Inc;Information Technology;FISV;United States,
FleetCor Technologies Inc;Information Technology;FLT;United States,
FLIR Systems;Information Technology;FLIR;United States,
Flowserve Corporation;Industrials;FLS;United States,
FMC Corporation;Materials;FMC;United States,
Ford Motor Company;Consumer Discretionary;F;United States,
Fortinet;Information Technology;FTNT;United States,
Fortive Corp;Industrials;FTV;United States,
Fortune Brands Home & Security;Industrials;FBHS;United States,
Fox Corporation (Class A);Consumer Discretionary;FOXA;United States,
Fox Corporation (Class B);Consumer Discretionary;FOX;United States,
Franklin Resources;Financials;BEN;United States,
Freeport-McMoRan Inc.;Materials;FCX;United States,
Gap Inc.;Consumer Discretionary;GPS;United States,
Garmin Ltd.;Consumer Discretionary;GRMN;United States,
Gartner Inc;Information Technology;IT;United States,
General Dynamics;Industrials;GD;United States,
General Electric;Industrials;GE;United States,
General Mills;Consumer Defensive;GIS;United States,
General Motors;Consumer Discretionary;GM;United States,
Genuine Parts;Consumer Discretionary;GPC;United States,
Gilead Sciences;Healthcare;GILD;United States,
Global Payments Inc.;Information Technology;GPN;United States,
Globe Life Inc.;Financials;GL;United States,
Goldman Sachs Group;Financials;GS;United States,
Grainger (W.W.) Inc.;Industrials;GWW;United States,
H&R Block;Consumer Discretionary;HRB;United States,
Halliburton Co.;Energy;HAL;United States,
Hanesbrands Inc;Consumer Discretionary;HBI;United States,
Hartford Financial Svc.Gp.;Financials;HIG;United States,
Hasbro Inc.;Consumer Discretionary;HAS;United States,
HCA Healthcare;Healthcare;HCA;United States,
Healthpeak Properties;Real Estate;PEAK;United States,
Henry Schein;Healthcare;HSIC;United States,
Hess Corporation;Energy;HES;United States,
Hewlett Packard Enterprise;Information Technology;HPE;United States,
Hilton Worldwide Holdings Inc;Consumer Discretionary;HLT;United States,
HollyFrontier Corp;Energy;HFC;United States,
Hologic;Healthcare;HOLX;United States,
Home Depot;Consumer Discretionary;HD;United States,
Honeywell Int'l Inc.;Industrials;HON;United States,
Hormel Foods Corp.;Consumer Defensive;HRL;United States,
Host Hotels & Resorts;Real Estate;HST;United States,
Howmet Aerospace;Industrials;HWM;United States,
HP Inc.;Information Technology;HPQ;United States,
Humana Inc.;Healthcare;HUM;United States,
Huntington Bancshares;Financials;HBAN;United States,
Huntington Ingalls Industries;Industrials;HII;United States,
IDEX Corporation;Industrials;IEX;United States,
IDEXX Laboratories;Healthcare;IDXX;United States,
IHS Markit Ltd.;Industrials;INFO;United States,
Illinois Tool Works;Industrials;ITW;United States,
Illumina Inc;Healthcare;ILMN;United States,
Incyte;Healthcare;INCY;United States,
Ingersoll Rand;Industrials;IR;United States,
Intel Corp.;Information Technology;INTC;United States,
Intercontinental Exchange;Financials;ICE;United States,
International Business Machines;Information Technology;IBM;United States,
International Flavors & Fragrances;Materials;IFF;United States,
International Paper;Materials;IP;United States,
Interpublic Group;Consumer Discretionary;IPG;United States,
Intuit Inc.;Information Technology;INTU;United States,
Intuitive Surgical Inc.;Healthcare;ISRG;United States,
Invesco Ltd.;Financials;IVZ;United States,
IPG Photonics Corp.;Information Technology;IPGP;United States,
IQVIA Holdings Inc.;Healthcare;IQV;United States,
Iron Mountain Incorporated;Real Estate;IRM;United States,
J. B. Hunt Transport Services;Industrials;JBHT;United States,
Jack Henry & Associates;Information Technology;JKHY;United States,
Jacobs Engineering Group;Industrials;J;United States,
JM Smucker;Consumer Defensive;SJM;United States,
Johnson & Johnson;Healthcare;JNJ;United States,
Johnson Controls International;Industrials;JCI;United States,
JPMorgan Chase & Co.;Financials;JPM;United States,
Juniper Networks;Information Technology;JNPR;United States,
Kansas City Southern;Industrials;KSU;United States,
Kellogg Co.;Consumer Defensive;K;United States,
KeyCorp;Financials;KEY;United States,
Keysight Technologies;Information Technology;KEYS;United States,
Kimberly-Clark;Consumer Defensive;KMB;United States,
Kimco Realty;Real Estate;KIM;United States,
Kinder Morgan;Energy;KMI;United States,
KLA Corporation;Information Technology;KLAC;United States,
Kohl's Corp.;Consumer Discretionary;KSS;United States,
Kraft Heinz Co;Consumer Defensive;KHC;United States,
Kroger Co.;Consumer Defensive;KR;United States,
L Brands Inc.;Consumer Discretionary;LB;United States,
L3Harris Technologies;Industrials;LHX;United States,
Laboratory Corp. of America Holding;Healthcare;LH;United States,
Lam Research;Information Technology;LRCX;United States,
Lamb Weston Holdings Inc;Consumer Defensive;LW;United States,
Las Vegas Sands;Consumer Discretionary;LVS;United States,
Leggett & Platt;Consumer Discretionary;LEG;United States,
Leidos Holdings;Information Technology;LDOS;United States,
Lennar Corp.;Consumer Discretionary;LEN;United States,
Lilly (Eli) & Co.;Healthcare;LLY;United States,
Lincoln National;Financials;LNC;United States,
Linde plc;Materials;LIN;United States,
Live Nation Entertainment;Consumer Discretionary;LYV;United States,
LKQ Corporation;Consumer Discretionary;LKQ;United States,
Lockheed Martin Corp.;Industrials;LMT;United States,
Loews Corp.;Financials;L;United States,
Lowe's Cos.;Consumer Discretionary;LOW;United States,
LyondellBasell;Materials;LYB;United States,
M&T Bank Corp.;Financials;MTB;United States,
Marathon Oil Corp.;Energy;MRO;United States,
Marathon Petroleum;Energy;MPC;United States,
MarketAxess;Financials;MKTX;United States,
Marriott Int'l.;Consumer Discretionary;MAR;United States,
Marsh & McLennan;Financials;MMC;United States,
Martin Marietta Materials;Materials;MLM;United States,
Masco Corp.;Industrials;MAS;United States,
Mastercard Inc.;Information Technology;MA;United States,
Maxim Integrated Products Inc;Information Technology;MXIM;United States,
McCormick & Co.;Consumer Defensive;MKC;United States,
McDonald's Corp.;Consumer Discretionary;MCD;United States,
McKesson Corp.;Healthcare;MCK;United States,
Medtronic plc;Healthcare;MDT;United States,
Merck & Co.;Healthcare;MRK;United States,
MetLife Inc.;Financials;MET;United States,
Mettler Toledo;Healthcare;MTD;United States,
MGM Resorts International;Consumer Discretionary;MGM;United States,
Microchip Technology;Information Technology;MCHP;United States,
Micron Technology;Information Technology;MU;United States,
Microsoft Corp.;Information Technology;MSFT;United States,
Mid-America Apartments;Real Estate;MAA;United States,
Mohawk Industries;Consumer Discretionary;MHK;United States,
Molson Coors Beverage Company;Consumer Defensive;TAP;United States,
Mondelez International;Consumer Defensive;MDLZ;United States,
Monster Beverage;Consumer Defensive;MNST;United States,
Moody's Corp;Financials;MCO;United States,
Morgan Stanley;Financials;MS;United States,
Motorola Solutions Inc.;Information Technology;MSI;United States,
MSCI Inc;Financials;MSCI;United States,
Mylan N.V.;Healthcare;MYL;United States,
Nasdaq Inc.;Financials;NDAQ;United States,
National Oilwell Varco Inc.;Energy;NOV;United States,
NetApp;Information Technology;NTAP;United States,
Netflix Inc.;Consumer Discretionary;NFLX;United States,
Newell Brands;Consumer Discretionary;NWL;United States,
Newmont Corporation;Materials;NEM;United States,
News Corp. Class A;Consumer Discretionary;NWSA;United States,
News Corp. Class B;Consumer Discretionary;NWS;United States,
NextEra Energy;Utilities;NEE;United States,
Nielsen Holdings;Industrials;NLSN;United States,
Nike Inc.;Consumer Discretionary;NKE;United States,
NiSource Inc.;Utilities;NI;United States,
Noble Energy;Energy;NBL;United States,
Norfolk Southern Corp.;Industrials;NSC;United States,
Northern Trust Corp.;Financials;NTRS;United States,
Northrop Grumman;Industrials;NOC;United States,
NortonLifeLock;Information Technology;NLOK;United States,
Norwegian Cruise Line Holdings;Consumer Discretionary;NCLH;United States,
NRG Energy;Utilities;NRG;United States,
Nucor Corp.;Materials;NUE;United States,
Nvidia Corporation;Information Technology;NVDA;United States,
NVR Inc.;Consumer Discretionary;NVR;United States,
O'Reilly Automotive;Consumer Discretionary;ORLY;United States,
Occidental Petroleum;Energy;OXY;United States,
Old Dominion Freight Line;Industrials;ODFL;United States,
Omnicom Group;Consumer Discretionary;OMC;United States,
ONEOK;Energy;OKE;United States,
Oracle Corp.;Information Technology;ORCL;United States,
Otis Worldwide;Industrials;OTIS;United States,
PACCAR Inc.;Industrials;PCAR;United States,
Packaging Corporation of America;Materials;PKG;United States,
Parker-Hannifin;Industrials;PH;United States,
Paychex Inc.;Information Technology;PAYX;United States,
Paycom;Information Technology;PAYC;United States,
PayPal;Information Technology;PYPL;United States,
Pentair plc;Industrials;PNR;United States,
People's United Financial;Financials;PBCT;United States,
PepsiCo Inc.;Consumer Defensive;PEP;United States,
PerkinElmer;Healthcare;PKI;United States,
Perrigo;Healthcare;PRGO;United States,
Pfizer Inc.;Healthcare;PFE;United States,
Philip Morris International;Consumer Defensive;PM;United States,
Phillips 66;Energy;PSX;United States,
Pinnacle West Capital;Utilities;PNW;United States,
Pioneer Natural Resources;Energy;PXD;United States,
PNC Financial Services;Financials;PNC;United States,
PPG Industries;Materials;PPG;United States,
PPL Corp.;Utilities;PPL;United States,
Principal Financial Group;Financials;PFG;United States,
Procter & Gamble;Consumer Defensive;PG;United States,
Progressive Corp.;Financials;PGR;United States,
Prologis;Real Estate;PLD;United States,
Prudential Financial;Financials;PRU;United States,
Public Service Enterprise Group (PSEG);Utilities;PEG;United States,
Public Storage;Real Estate;PSA;United States,
PulteGroup;Consumer Discretionary;PHM;United States,
PVH Corp.;Consumer Discretionary;PVH;United States,
Qorvo;Information Technology;QRVO;United States,
QUALCOMM Inc.;Information Technology;QCOM;United States,
Quanta Services Inc.;Industrials;PWR;United States,
Quest Diagnostics;Healthcare;DGX;United States,
Ralph Lauren Corporation;Consumer Discretionary;RL;United States,
Raymond James Financial Inc.;Financials;RJF;United States,
Raytheon Technologies;Industrials;RTX;United States,
Realty Income Corporation;Real Estate;O;United States,
Regency Centers Corporation;Real Estate;REG;United States,
Regeneron Pharmaceuticals;Healthcare;REGN;United States,
Regions Financial Corp.;Financials;RF;United States,
Republic Services Inc;Industrials;RSG;United States,
ResMed;Healthcare;RMD;United States,
Robert Half International;Industrials;RHI;United States,
Rockwell Automation Inc.;Industrials;ROK;United States,
Rollins Inc.;Industrials;ROL;United States,
Roper Technologies;Industrials;ROP;United States,
Ross Stores;Consumer Discretionary;ROST;United States,
Royal Caribbean Group;Consumer Discretionary;RCL;United States,
S&P Global Inc.;Financials;SPGI;United States,
Salesforce.com;Information Technology;CRM;United States,
SBA Communications;Real Estate;SBAC;United States,
Schlumberger Ltd.;Energy;SLB;United States,
Seagate Technology;Information Technology;STX;United States,
Sealed Air;Materials;SEE;United States,
Sempra Energy;Utilities;SRE;United States,
ServiceNow;Information Technology;NOW;United States,
Sherwin-Williams;Materials;SHW;United States,
Simon Property Group Inc;Real Estate;SPG;United States,
Skyworks Solutions;Information Technology;SWKS;United States,
SL Green Realty;Real Estate;SLG;United States,
Snap-on;Industrials;SNA;United States,
Southern Company;Utilities;SO;United States,
Southwest Airlines;Industrials;LUV;United States,
Stanley Black & Decker;Industrials;SWK;United States,
Starbucks Corp.;Consumer Discretionary;SBUX;United States,
State Street Corp.;Financials;STT;United States,
STERIS plc;Healthcare;STE;United States,
Stryker Corp.;Healthcare;SYK;United States,
SVB Financial;Financials;SIVB;United States,
Synchrony Financial;Financials;SYF;United States,
Synopsys Inc.;Information Technology;SNPS;United States,
Sysco Corp.;Consumer Defensive;SYY;United States,
T-Mobile US;Consumer Discretionary;TMUS;United States,
T. Rowe Price Group;Financials;TROW;United States,
Take-Two Interactive;Consumer Discretionary;TTWO;United States,
Tapestry Inc.;Consumer Discretionary;TPR;United States,
Target Corp.;Consumer Discretionary;TGT;United States,
TE Connectivity Ltd.;Information Technology;TEL;United States,
TechnipFMC;Energy;FTI;United States,
Teledyne Technologies;Industrials;TDY;United States,
Teleflex;Healthcare;TFX;United States,
Texas Instruments;Information Technology;TXN;United States,
Textron Inc.;Industrials;TXT;United States,
The Bank of New York Mellon;Financials;BK;United States,
The Clorox Company;Consumer Defensive;CLX;United States,
The Cooper Companies;Healthcare;COO;United States,
The Hershey Company;Consumer Defensive;HSY;United States,
The Mosaic Company;Materials;MOS;United States,
The Travelers Companies Inc.;Financials;TRV;United States,
The Walt Disney Company;Consumer Discretionary;DIS;United States,
Thermo Fisher Scientific;Healthcare;TMO;United States,
Tiffany & Co.;Consumer Discretionary;TIF;United States,
TJX Companies Inc.;Consumer Discretionary;TJX;United States,
Tractor Supply Company;Consumer Discretionary;TSCO;United States,
Trane Technologies plc;Industrials;TT;United States,
TransDigm Group;Industrials;TDG;United States,
Truist Financial;Financials;TFC;United States,
Twitter Inc.;Consumer Discretionary;TWTR;United States,
Tyler Technologies;Information Technology;TYL;United States,
Tyson Foods;Consumer Defensive;TSN;United States,
U.S. Bancorp;Financials;USB;United States,
UDR Inc.;Real Estate;UDR;United States,
Ulta Beauty;Consumer Discretionary;ULTA;United States,
Under Armour (Class A);Consumer Discretionary;UAA;United States,
Under Armour (Class C);Consumer Discretionary;UA;United States,
Union Pacific Corp;Industrials;UNP;United States,
United Airlines Holdings;Industrials;UAL;United States,
United Health Group Inc.;Healthcare;UNH;United States,
United Parcel Service;Industrials;UPS;United States,
United Rentals Inc.;Industrials;URI;United States,
Universal Health Services;Healthcare;UHS;United States,
Unum Group;Financials;UNM;United States,
Valero Energy;Energy;VLO;United States,
Varian Medical Systems;Healthcare;VAR;United States,
Ventas Inc;Real Estate;VTR;United States,
Verisign Inc.;Information Technology;VRSN;United States,
Verisk Analytics;Industrials;VRSK;United States,
Verizon Communications;Consumer Discretionary;VZ;United States,
Vertex Pharmaceuticals Inc;Healthcare;VRTX;United States,
VF Corporation;Consumer Discretionary;VFC;United States,
ViacomCBS;Consumer Discretionary;VIAC;United States,
Visa Inc.;Information Technology;V;United States,
Vornado Realty Trust;Real Estate;VNO;United States,
Vulcan Materials;Materials;VMC;United States,
W. R. Berkley Corporation;Financials;WRB;United States,
Wabtec Corporation;Industrials;WAB;United States,
Walgreens Boots Alliance;Consumer Defensive;WBA;United States,
Walmart;Consumer Defensive;WMT;United States,
Waste Management Inc.;Industrials;WM;United States,
Waters Corporation;Healthcare;WAT;United States,
WEC Energy Group;Utilities;WEC;United States,
Wells Fargo;Financials;WFC;United States,
Welltower Inc.;Real Estate;WELL;United States,
West Pharmaceutical Services;Healthcare;WST;United States,
Western Digital;Information Technology;WDC;United States,
Western Union Co;Information Technology;WU;United States,
WestRock;Materials;WRK;United States,
Weyerhaeuser;Real Estate;WY;United States,
Whirlpool Corp.;Consumer Discretionary;WHR;United States,
Williams Companies;Energy;WMB;United States,
Willis Towers Watson;Financials;WLTW;United States,
Wynn Resorts Ltd;Consumer Discretionary;WYNN;United States,
Xcel Energy Inc;Utilities;XEL;United States,
Xerox;Information Technology;XRX;United States,
Xilinx;Information Technology;XLNX;United States,
Xylem Inc.;Industrials;XYL;United States,
Yum! Brands Inc;Consumer Discretionary;YUM;United States,
Zebra Technologies;Information Technology;ZBRA;United States,
Zimmer Biomet Holdings;Healthcare;ZBH;United States,
Zions Bancorp;Financials;ZION;United States,
Zoetis;Healthcare;ZTS;United States,
BANCO DE VENEZUELA S.A. BANCO;Financials;BVL.CR;Venezuela,
ENVASES VENEZOLANOS S.A.;Materials;ENV.CR;Venezuela,
FONDO DE VALORES INMOBILIARIOS;Consumer Discretionary;FVI-B.CR;Venezuela,
MERCANTIL SERVICIOS FINANCIEROS;Financials;MVZ-A.CR;Venezuela,
Erste Bank;Financials;EBS.VI;Austria,
OMV;Industrials;OMV.VI;Austria,
Voestalpine;Industrials;VOE.VI;Austria,
Raiffeisen International;Financials;RBI.VI;Austria,
Andritz;Consumer Discretionary;ANDR.VI;Austria,
Lenzing;Industrials;LNZ.VI;Austria,
Immofinanz;Financials;IIA.VI;Austria,
Wienerberger;Industrials;WIE.VI;Austria,
BAWAG;Financials;BG.VI;Austria,
CA Immo;Financials;CAI.VI;Austria,
Verbund;Utilities;VER.VI;Austria,
Austria Technologie & Systemtechnik AG;Consumer Discretionary;ATS.VI;Austria,
Uniqa Insurance Group;Financials;UQA.VI;Austria,
